Workbook

Sheet Sheet 1
A1: CODIGO_ARTICULO | B1: PROVEEDOR | C1: RUBRO | D1: FAMILIA | E1: DESCRIPCION | F1: MATERIAL | G1: COLOR | H1: BARRACAS | I1: OF FLORIDA | J1: FLORIDA | K1: SAN TELMO | L1: RECOLETA | M1: FRENCH | N1: SAN TELMO 2 | O1: GUEMES | P1: PRECIO | Q1: CONDICION
A2: MG100871101 | B2: BARONTINI | C2: MARRO GRANDE | D2: BANDOLERA | E2: BANDOLERA AMALIA | F2: MAGNUM | G2: NEGRO | H2: 0 | I2: 0 | J2: 0 | K2: 0 | L2: 0 | M2: 0 | N2: 0 | O2: 0 | P2: =VLOOKUP(E2,'lista de precios Sept 2025'!$B$1:$C$330,2,FALSE) -> 59990 | Q2: =VLOOKUP(E2,'lista de precios Sept 2025'!$B$1:$D$330,3,FALSE) -> LIQUIDACION
A3: MG100871120 | B3: BARONTINI | C3: MARRO GRANDE | D3: BANDOLERA | E3: BANDOLERA AMALIA | F3: MAGNUM | G3: CUOIO | H3: 0 | I3: 0 | J3: 0 | K3: 0 | L3: 0 | M3: 0 | N3: 0 | O3: 0 | P3: =VLOOKUP(E3,'lista de precios Sept 2025'!$B$1:$C$330,2,FALSE) -> 59990 | Q3: =VLOOKUP(E3,'lista de precios Sept 2025'!$B$1:$D$330,3,FALSE) -> LIQUIDACION
A4: MG100871153 | B4: BARONTINI | C4: MARRO GRANDE | D4: BANDOLERA | E4: BANDOLERA AMALIA | F4: MAGNUM | G4: HAVANA | H4: 0 | I4: 0 | J4: 0 | K4: 0 | L4: 0 | M4: 0 | N4: 0 | O4: 0 | P4: =VLOOKUP(E4,'lista de precios Sept 2025'!$B$1:$C$330,2,FALSE) -> 59990 | Q4: =VLOOKUP(E4,'lista de precios Sept 2025'!$B$1:$D$330,3,FALSE) -> LIQUIDACION
A5: MG100871160 | B5: BARONTINI | C5: MARRO GRANDE | D5: BANDOLERA | E5: BANDOLERA AMALIA | F5: MAGNUM | G5: ARMY | H5: 0 | I5: 0 | J5: 0 | K5: 0 | L5: 0 | M5: 0 | N5: 0 | O5: 0 | P5: =VLOOKUP(E5,'lista de precios Sept 2025'!$B$1:$C$330,2,FALSE) -> 59990 | Q5: =VLOOKUP(E5,'lista de precios Sept 2025'!$B$1:$D$330,3,FALSE) -> LIQUIDACION
A6: MG100871825 | B6: BARONTINI | C6: MARRO GRANDE | D6: BANDOLERA | E6: BANDOLERA AMALIA | F6: SENA | G6: WHISKY | H6: 0 | I6: 0 | J6: 0 | K6: 0 | L6: 0 | M6: 0 | N6: 0 | O6: 0 | P6: =VLOOKUP(E6,'lista de precios Sept 2025'!$B$1:$C$330,2,FALSE) -> 59990 | Q6: =VLOOKUP(E6,'lista de precios Sept 2025'!$B$1:$D$330,3,FALSE) -> LIQUIDACION
A7: MG100871827 | B7: BARONTINI | C7: MARRO GRANDE | D7: BANDOLERA | E7: BANDOLERA AMALIA | F7: SENA | G7: PIEDRA | H7: 0 | I7: 0 | J7: 0 | K7: 0 | L7: 0 | M7: 0 | N7: 0 | O7: 0 | P7: =VLOOKUP(E7,'lista de precios Sept 2025'!$B$1:$C$330,2,FALSE) -> 59990 | Q7: =VLOOKUP(E7,'lista de precios Sept 2025'!$B$1:$D$330,3,FALSE) -> LIQUIDACION
A8: MG100871828 | B8: BARONTINI | C8: MARRO GRANDE | D8: BANDOLERA | E8: BANDOLERA AMALIA | F8: SENA | G8: VISON | H8: 0 | I8: 0 | J8: 0 | K8: 0 | L8: 0 | M8: 0 | N8: 0 | O8: 0 | P8: =VLOOKUP(E8,'lista de precios Sept 2025'!$B$1:$C$330,2,FALSE) -> 59990 | Q8: =VLOOKUP(E8,'lista de precios Sept 2025'!$B$1:$D$330,3,FALSE) -> LIQUIDACION
A9: MG100872101 | B9: BARONTINI | C9: MARRO GRANDE | D9: BANDOLERA | E9: BANDOLERA AMALIA | F9: MACEIO | G9: NEGRO | H9: 0 | I9: 0 | J9: 0 | K9: 0 | L9: 0 | M9: 0 | N9: 0 | O9: 0 | P9: =VLOOKUP(E9,'lista de precios Sept 2025'!$B$1:$C$330,2,FALSE) -> 59990 | Q9: =VLOOKUP(E9,'lista de precios Sept 2025'!$B$1:$D$330,3,FALSE) -> LIQUIDACION
A10: MG100872201 | B10: BARONTINI | C10: MARRO GRANDE | D10: BANDOLERA | E10: BANDOLERA AMALIA | F10: SALLY | G10: NEGRO | H10: 0 | I10: 0 | J10: 0 | K10: 0 | L10: 0 | M10: 0 | N10: 0 | O10: 0 | P10: =VLOOKUP(E10,'lista de precios Sept 2025'!$B$1:$C$330,2,FALSE) -> 59990 | Q10: =VLOOKUP(E10,'lista de precios Sept 2025'!$B$1:$D$330,3,FALSE) -> LIQUIDACION
A11: MG010690101 | B11: FABRICA | C11: MARRO GRANDE | D11: BANDOLERA | E11: BANDOLERA ANTONIETA | F11: NAPADO | G11: NEGRO | H11: 8 | I11: 3 | J11: 1 | K11: 1 | L11: 1 | M11: 1 | N11: 0 | O11: 2 | P11: 139990 | Q11: CAMBIO
A12: MG010690102 | B12: FABRICA | C12: MARRO GRANDE | D12: BANDOLERA | E12: BANDOLERA ANTONIETA | F12: NAPADO | G12: SUELA | H12: 0 | I12: 0 | J12: 0 | K12: 0 | L12: 1 | M12: 0 | N12: 0 | O12: 0 | P12: 139990 | Q12: CAMBIO
A13: MG010690103 | B13: FABRICA | C13: MARRO GRANDE | D13: BANDOLERA | E13: BANDOLERA ANTONIETA | F13: NAPADO | G13: CARAMELO | H13: 7 | I13: 0 | J13: 4 | K13: 1 | L13: 2 | M13: 2 | N13: 0 | O13: 1 | P13: 139990 | Q13: CAMBIO
A14: MG010690107 | B14: FABRICA | C14: MARRO GRANDE | D14: BANDOLERA | E14: BANDOLERA ANTONIETA | F14: NAPADO | G14: ROJO | H14: 17 | I14: 0 | J14: 2 | K14: 2 | L14: 2 | M14: 2 | N14: 0 | O14: 0 | P14: 139990 | Q14: CAMBIO
A15: MG010690109 | B15: FABRICA | C15: MARRO GRANDE | D15: BANDOLERA | E15: BANDOLERA ANTONIETA | F15: NAPADO | G15: AZUL | H15: 1 | I15: 0 | J15: 1 | K15: 2 | L15: 2 | M15: 2 | N15: 0 | O15: 1 | P15: 139990 | Q15: CAMBIO
A16: MG010690110 | B16: FABRICA | C16: MARRO GRANDE | D16: BANDOLERA | E16: BANDOLERA ANTONIETA | F16: NAPADO | G16: VERDE | H16: 0 | I16: 0 | J16: 0 | K16: 0 | L16: 0 | M16: 0 | N16: 0 | O16: 0 | P16: 139990 | Q16: CAMBIO
A17: MG010690115 | B17: FABRICA | C17: MARRO GRANDE | D17: BANDOLERA | E17: BANDOLERA ANTONIETA | F17: NAPADO | G17: MALBEC | H17: 0 | I17: 0 | J17: 1 | K17: 1 | L17: 1 | M17: 1 | N17: 0 | O17: 1 | P17: 139990 | Q17: CAMBIO
A18: MG010690301 | B18: FABRICA | C18: MARRO GRANDE | D18: BANDOLERA | E18: BANDOLERA ANTONIETA | F18: BRIDGE | G18: NEGRO | H18: 4 | I18: 0 | J18: 2 | K18: 1 | L18: 1 | M18: 1 | N18: 0 | O18: 0 | P18: 139990 | Q18: CAMBIO
A19: MG010690303 | B19: FABRICA | C19: MARRO GRANDE | D19: BANDOLERA | E19: BANDOLERA ANTONIETA | F19: BRIDGE | G19: CARAMELO | H19: 0 | I19: 0 | J19: 0 | K19: 0 | L19: 1 | M19: 1 | N19: 0 | O19: 0 | P19: 139990 | Q19: CAMBIO
A20: MG010690315 | B20: FABRICA | C20: MARRO GRANDE | D20: BANDOLERA | E20: BANDOLERA ANTONIETA | F20: BRIDGE | G20: MALBEC | H20: 0 | I20: 0 | J20: 0 | K20: 0 | L20: 1 | M20: 1 | N20: 0 | O20: 0 | P20: 139990 | Q20: CAMBIO
A21: MG010690304 | B21: FABRICA | C21: MARRO GRANDE | D21: BANDOLERA | E21: BANDOLERA ANTONIETA | F21: BRIDGE | G21: TABACO | H21: 0 | I21: 0 | J21: 0 | K21: 0 | L21: 0 | M21: 0 | N21: 0 | O21: 0 | P21: 139990 | Q21: CAMBIO
A22: MG010690550 | B22: FABRICA | C22: MARRO GRANDE | D22: BANDOLERA | E22: BANDOLERA ANTONIETA | F22: GAMUZA | G22: VESUBIO | H22: 2 | I22: 15 | J22: 1 | K22: 2 | L22: 2 | M22: 2 | N22: 1 | O22: 0 | P22: 134990
A23: MG010690555 | B23: FABRICA | C23: MARRO GRANDE | D23: BANDOLERA | E23: BANDOLERA ANTONIETA | F23: GAMUZA | G23: AVELLANA | H23: 16 | I23: 3 | J23: 3 | K23: 2 | L23: 2 | M23: 1 | N23: 1 | O23: 0 | P23: 134990
A24: MG010690556 | B24: FABRICA | C24: MARRO GRANDE | D24: BANDOLERA | E24: BANDOLERA ANTONIETA | F24: GAMUZA | G24: OXIDO | H24: 16 | I24: 0 | J24: 2 | K24: 1 | L24: 3 | M24: 2 | N24: 3 | O24: 0 | P24: 134990
A25: MG010690558 | B25: FABRICA | C25: MARRO GRANDE | D25: BANDOLERA | E25: BANDOLERA ANTONIETA | F25: GAMUZA | G25: CAFE | H25: 6 | I25: 11 | J25: 1 | K25: 1 | L25: 1 | M25: 2 | N25: 1 | O25: 0 | P25: 134990
A26: MG100901301 | B26: BARONTINI | C26: MARRO GRANDE | D26: BANDOLERA | E26: BANDOLERA ASTRID | F26: NAPA LOLA SOFT | G26: NEGRO | H26: 0 | I26: 0 | J26: 0 | K26: 0 | L26: 0 | M26: 0 | N26: 0 | O26: 0 | P26: =VLOOKUP(E26,'lista de precios Sept 2025'!$B$1:$C$330,2,FALSE) -> 49990 | Q26: =VLOOKUP(E26,'lista de precios Sept 2025'!$B$1:$D$330,3,FALSE) -> LIQUIDACION
A27: MG100901353 | B27: BARONTINI | C27: MARRO GRANDE | D27: BANDOLERA | E27: BANDOLERA ASTRID | F27: NAPA LOLA SOFT | G27: HAVANA | H27: 0 | I27: 0 | J27: 0 | K27: 0 | L27: 0 | M27: 0 | N27: 0 | O27: 0 | P27: =VLOOKUP(E27,'lista de precios Sept 2025'!$B$1:$C$330,2,FALSE) -> 49990 | Q27: =VLOOKUP(E27,'lista de precios Sept 2025'!$B$1:$D$330,3,FALSE) -> LIQUIDACION
A28: MG100901361 | B28: BARONTINI | C28: MARRO GRANDE | D28: BANDOLERA | E28: BANDOLERA ASTRID | F28: NAPA LOLA SOFT | G28: CLAY | H28: 0 | I28: 0 | J28: 0 | K28: 0 | L28: 0 | M28: 0 | N28: 0 | O28: 0 | P28: =VLOOKUP(E28,'lista de precios Sept 2025'!$B$1:$C$330,2,FALSE) -> 49990 | Q28: =VLOOKUP(E28,'lista de precios Sept 2025'!$B$1:$D$330,3,FALSE) -> LIQUIDACION
A29: MG100901401 | B29: BARONTINI | C29: MARRO GRANDE | D29: BANDOLERA | E29: BANDOLERA ASTRID | F29: SAFARI | G29: NEGRO | H29: 0 | I29: 0 | J29: 0 | K29: 0 | L29: 0 | M29: 0 | N29: 0 | O29: 0 | P29: =VLOOKUP(E29,'lista de precios Sept 2025'!$B$1:$C$330,2,FALSE) -> 49990 | Q29: =VLOOKUP(E29,'lista de precios Sept 2025'!$B$1:$D$330,3,FALSE) -> LIQUIDACION
A30: MG100901501 | B30: BARONTINI | C30: MARRO GRANDE | D30: CARTERA | E30: BANDOLERA ASTRID | F30: TOLEDO | G30: NEGRO | H30: 0 | I30: 0 | J30: 0 | K30: 0 | L30: 0 | M30: 1 | N30: 0 | O30: 1 | P30: =VLOOKUP(E30,'lista de precios Sept 2025'!$B$1:$C$330,2,FALSE) -> 49990 | Q30: =VLOOKUP(E30,'lista de precios Sept 2025'!$B$1:$D$330,3,FALSE) -> LIQUIDACION
A31: MG100901553 | B31: BARONTINI | C31: MARRO GRANDE | D31: BANDOLERA | E31: BANDOLERA ASTRID | F31: TOLEDO | G31: HAVANA | H31: 0 | I31: 0 | J31: 0 | K31: 0 | L31: 0 | M31: 0 | N31: 0 | O31: 0 | P31: =VLOOKUP(E31,'lista de precios Sept 2025'!$B$1:$C$330,2,FALSE) -> 49990 | Q31: =VLOOKUP(E31,'lista de precios Sept 2025'!$B$1:$D$330,3,FALSE) -> LIQUIDACION
A32: MG100901561 | B32: BARONTINI | C32: MARRO GRANDE | D32: BANDOLERA | E32: BANDOLERA ASTRID | F32: TOLEDO | G32: CLAY | H32: 0 | I32: 0 | J32: 0 | K32: 0 | L32: 0 | M32: 0 | N32: 0 | O32: 0 | P32: =VLOOKUP(E32,'lista de precios Sept 2025'!$B$1:$C$330,2,FALSE) -> 49990 | Q32: =VLOOKUP(E32,'lista de precios Sept 2025'!$B$1:$D$330,3,FALSE) -> LIQUIDACION
A33: MG100901562 | B33: BARONTINI | C33: MARRO GRANDE | D33: BANDOLERA | E33: BANDOLERA ASTRID | F33: TOLEDO | G33: MANGO | H33: 0 | I33: 0 | J33: 2 | K33: 0 | L33: 0 | M33: 0 | N33: 0 | O33: 0 | P33: =VLOOKUP(E33,'lista de precios Sept 2025'!$B$1:$C$330,2,FALSE) -> 49990 | Q33: =VLOOKUP(E33,'lista de precios Sept 2025'!$B$1:$D$330,3,FALSE) -> LIQUIDACION
A34: MG100901816 | B34: BARONTINI | C34: MARRO GRANDE | D34: BANDOLERA | E34: BANDOLERA ASTRID | F34: SENA | G34: OLIVA | H34: 0 | I34: 0 | J34: 0 | K34: 0 | L34: 0 | M34: 0 | N34: 0 | O34: 0 | P34: =VLOOKUP(E34,'lista de precios Sept 2025'!$B$1:$C$330,2,FALSE) -> 49990 | Q34: =VLOOKUP(E34,'lista de precios Sept 2025'!$B$1:$D$330,3,FALSE) -> LIQUIDACION
A35: MG100901827 | B35: BARONTINI | C35: MARRO GRANDE | D35: BANDOLERA | E35: BANDOLERA ASTRID | F35: SENA | G35: PIEDRA | H35: 0 | I35: 0 | J35: 0 | K35: 0 | L35: 0 | M35: 0 | N35: 0 | O35: 0 | P35: =VLOOKUP(E35,'lista de precios Sept 2025'!$B$1:$C$330,2,FALSE) -> 49990 | Q35: =VLOOKUP(E35,'lista de precios Sept 2025'!$B$1:$D$330,3,FALSE) -> LIQUIDACION
A36: MG100901828 | B36: BARONTINI | C36: MARRO GRANDE | D36: BANDOLERA | E36: BANDOLERA ASTRID | F36: SENA | G36: VISON | H36: 0 | I36: 0 | J36: 0 | K36: 0 | L36: 0 | M36: 0 | N36: 0 | O36: 1 | P36: =VLOOKUP(E36,'lista de precios Sept 2025'!$B$1:$C$330,2,FALSE) -> 49990 | Q36: =VLOOKUP(E36,'lista de precios Sept 2025'!$B$1:$D$330,3,FALSE) -> LIQUIDACION
A37: MG100901831 | B37: BARONTINI | C37: MARRO GRANDE | D37: BANDOLERA | E37: BANDOLERA ASTRID | F37: SENA | G37: NUDE | H37: 0 | I37: 0 | J37: 0 | K37: 0 | L37: 0 | M37: 0 | N37: 0 | O37: 0 | P37: =VLOOKUP(E37,'lista de precios Sept 2025'!$B$1:$C$330,2,FALSE) -> 49990 | Q37: =VLOOKUP(E37,'lista de precios Sept 2025'!$B$1:$D$330,3,FALSE) -> LIQUIDACION
... A74: MG100892201 | B74: BARONTINI | C74: MARRO GRANDE | D74: BANDOLERA | E74: BANDOLERA MEGAN | F74: SALLY | G74: NEGRO | H74: 0 | I74: 0 | J74: 0 | K74: 0 | L74: 0 | M74: 0 | N74: 0 | O74: 3 | P74: =VLOOKUP(E74,'lista de precios Sept 2025'!$B$1:$C$330,2,FALSE) -> 49990 | Q74: =VLOOKUP(E74,'lista de precios Sept 2025'!$B$1:$D$330,3,FALSE) -> LIQUIDACION
A75: MG010310301 | B75: FABRICA | C75: MARRO GRANDE | D75: BANDOLERA | E75: BANDOLERA MINI | F75: BRIDGE | G75: NEGRO | H75: 0 | I75: 0 | J75: 0 | K75: 0 | L75: 0 | M75: 0 | N75: 0 | O75: 0
A76: MG010310303 | B76: FABRICA | C76: MARRO GRANDE | D76: BANDOLERA | E76: BANDOLERA MINI | F76: BRIDGE | G76: CARAMELO | H76: 0 | I76: 0 | J76: 0 | K76: 0 | L76: 0 | M76: 0 | N76: 0 | O76: 0
A77: MG010310304 | B77: FABRICA | C77: MARRO GRANDE | D77: BANDOLERA | E77: BANDOLERA MINI | F77: BRIDGE | G77: TABACO | H77: 0 | I77: 0 | J77: 0 | K77: 0 | L77: 0 | M77: 0 | N77: 0 | O77: 0
A78: MG010310307 | B78: FABRICA | C78: MARRO GRANDE | D78: BANDOLERA | E78: BANDOLERA MINI | F78: BRIDGE | G78: ROJO | H78: 0 | I78: 0 | J78: 0 | K78: 0 | L78: 0 | M78: 0 | N78: 0 | O78: 0
A79: MG010310309 | B79: FABRICA | C79: MARRO GRANDE | D79: BANDOLERA | E79: BANDOLERA MINI | F79: BRIDGE | G79: AZUL | H79: 0 | I79: 0 | J79: 0 | K79: 0 | L79: 0 | M79: 0 | N79: 0 | O79: 0
A80: MG010310310 | B80: FABRICA | C80: MARRO GRANDE | D80: BANDOLERA | E80: BANDOLERA MINI | F80: BRIDGE | G80: VERDE | H80: 0 | I80: 0 | J80: 0 | K80: 0 | L80: 0 | M80: 0 | N80: 0 | O80: 0
A81: MG010310550 | B81: FABRICA | C81: MARRO GRANDE | D81: BANDOLERA | E81: BANDOLERA MINI | F81: GAMUZA | G81: VESUBIO/TABACO | H81: 0 | I81: 0 | J81: 0 | K81: 0 | L81: 0 | M81: 0 | N81: 0 | O81: 0
A82: MG010310550-01 | B82: FABRICA | C82: MARRO GRANDE | D82: BANDOLERA | E82: BANDOLERA MINI | F82: GAMUZA | G82: VESUBIO/NEGRO | H82: 0 | I82: 0 | J82: 0 | K82: 0 | L82: 0 | M82: 0 | N82: 0 | O82: 0
A83: MG010310551 | B83: FABRICA | C83: MARRO GRANDE | D83: BANDOLERA | E83: BANDOLERA MINI | F83: GAMUZA | G83: MOSTAZA/TABACO | H83: 0 | I83: 0 | J83: 0 | K83: 0 | L83: 0 | M83: 0 | N83: 0 | O83: 0
A84: MG010310552 | B84: FABRICA | C84: MARRO GRANDE | D84: BANDOLERA | E84: BANDOLERA MINI | F84: GAMUZA | G84: CHOCOLATE/TABACO | H84: 0 | I84: 0 | J84: 0 | K84: 0 | L84: 0 | M84: 0 | N84: 0 | O84: 0
A85: MG010310555-03 | B85: FABRICA | C85: MARRO GRANDE | D85: BANDOLERA | E85: BANDOLERA MINI | F85: GAMUZA | G85: AVELLANA/CARAMELO | H85: 0 | I85: 0 | J85: 0 | K85: 0 | L85: 0 | M85: 0 | N85: 0 | O85: 0
A86: MG010310555-04 | B86: FABRICA | C86: MARRO GRANDE | D86: BANDOLERA | E86: BANDOLERA MINI | F86: GAMUZA | G86: AVELLANA/TABACO | H86: 0 | I86: 0 | J86: 0 | K86: 0 | L86: 0 | M86: 0 | N86: 0 | O86: 0
... A93: MG010360303 | B93: FABRICA | C93: MARRO GRANDE | D93: BANDOLERA | E93: BANDOLERA MONA | F93: BRIDGE | G93: CARAMELO | H93: 0 | I93: 0 | J93: 0 | K93: 0 | L93: 0 | M93: 0 | N93: 0 | O93: 0
A94: MG020010101 | B94: FABRICA | C94: MARRO GRANDE | D94: BANDOLERA | E94: BANDOLERA NATY | F94: NAPADO | G94: NEGRO | H94: 2 | I94: 4 | J94: 2 | K94: 2 | L94: 1 | M94: 2 | N94: 0 | O94: 0 | P94: =VLOOKUP(E94,'lista de precios Sept 2025'!$B$1:$C$330,2,FALSE) -> 109990 | Q94: =VLOOKUP(E94,'lista de precios Sept 2025'!$B$1:$D$330,3,FALSE) -> 0
A95: MG020010102 | B95: FABRICA | C95: MARRO GRANDE | D95: BANDOLERA | E95: BANDOLERA NATY | F95: NAPADO | G95: SUELA | H95: 3 | I95: 0 | J95: 1 | K95: 1 | L95: 1 | M95: 1 | N95: 0 | O95: 0 | P95: =VLOOKUP(E95,'lista de precios Sept 2025'!$B$1:$C$330,2,FALSE) -> 109990 | Q95: =VLOOKUP(E95,'lista de precios Sept 2025'!$B$1:$D$330,3,FALSE) -> 0
A96: MG020010103 | B96: FABRICA | C96: MARRO GRANDE | D96: BANDOLERA | E96: BANDOLERA NATY | F96: NAPADO | G96: CARAMELO | H96: 2 | I96: 6 | J96: 2 | K96: 1 | L96: 1 | M96: 1 | N96: 0 | O96: 0 | P96: =VLOOKUP(E96,'lista de precios Sept 2025'!$B$1:$C$330,2,FALSE) -> 109990 | Q96: =VLOOKUP(E96,'lista de precios Sept 2025'!$B$1:$D$330,3,FALSE) -> 0
A97: MG020010107 | B97: FABRICA | C97: MARRO GRANDE | D97: BANDOLERA | E97: BANDOLERA NATY | F97: NAPADO | G97: ROJO | H97: 2 | I97: 4 | J97: 2 | K97: 1 | L97: 1 | M97: 2 | N97: 0 | O97: 0 | P97: =VLOOKUP(E97,'lista de precios Sept 2025'!$B$1:$C$330,2,FALSE) -> 109990 | Q97: =VLOOKUP(E97,'lista de precios Sept 2025'!$B$1:$D$330,3,FALSE) -> 0
A98: MG020010109 | B98: FABRICA | C98: MARRO GRANDE | D98: BANDOLERA | E98: BANDOLERA NATY | F98: NAPADO | G98: AZUL | H98: 1 | I98: 1 | J98: 1 | K98: 1 | L98: 2 | M98: 1 | N98: 0 | O98: 0 | P98: =VLOOKUP(E98,'lista de precios Sept 2025'!$B$1:$C$330,2,FALSE) -> 109990 | Q98: =VLOOKUP(E98,'lista de precios Sept 2025'!$B$1:$D$330,3,FALSE) -> 0
A99: MG020010110 | B99: FABRICA | C99: MARRO GRANDE | D99: BANDOLERA | E99: BANDOLERA NATY | F99: NAPADO | G99: VERDE | H99: 1 | I99: 1 | J99: 2 | K99: 2 | L99: 1 | M99: 1 | N99: 0 | O99: 0 | P99: =VLOOKUP(E99,'lista de precios Sept 2025'!$B$1:$C$330,2,FALSE) -> 109990 | Q99: =VLOOKUP(E99,'lista de precios Sept 2025'!$B$1:$D$330,3,FALSE) -> 0
A100: MG010290101 | B100: FABRICA | C100: MARRO GRANDE | D100: BANDOLERA | E100: BANDOLERA NATY SIMPLE | F100: NAPADO | G100: NEGRO | H100: 0 | I100: 0 | J100: 1 | K100: 0 | L100: 1 | M100: 0 | N100: 0 | O100: 0 | P100: =VLOOKUP(E100,'lista de precios Sept 2025'!$B$1:$C$330,2,FALSE) -> 89990 | Q100: =VLOOKUP(E100,'lista de precios Sept 2025'!$B$1:$D$330,3,FALSE) -> 0
A101: MG010290103 | B101: FABRICA | C101: MARRO GRANDE | D101: BANDOLERA | E101: BANDOLERA NATY SIMPLE | F101: NAPADO | G101: CARAMELO | H101: 4 | I101: 1 | J101: 1 | K101: 1 | L101: 1 | M101: 0 | N101: 0 | O101: 0 | P101: =VLOOKUP(E101,'lista de precios Sept 2025'!$B$1:$C$330,2,FALSE) -> 89990 | Q101: =VLOOKUP(E101,'lista de precios Sept 2025'!$B$1:$D$330,3,FALSE) -> 0
A102: MG010290104 | B102: FABRICA | C102: MARRO GRANDE | D102: BANDOLERA | E102: BANDOLERA NATY SIMPLE | F102: NAPADO | G102: TABACO | H102: 0 | I102: 0 | J102: 0 | K102: 0 | L102: 0 | M102: 0 | N102: 0 | O102: 0 | P102: =VLOOKUP(E102,'lista de precios Sept 2025'!$B$1:$C$330,2,FALSE) -> 89990 | Q102: =VLOOKUP(E102,'lista de precios Sept 2025'!$B$1:$D$330,3,FALSE) -> 0
A103: MG010290107 | B103: FABRICA | C103: MARRO GRANDE | D103: BANDOLERA | E103: BANDOLERA NATY SIMPLE | F103: NAPADO | G103: ROJO | H103: 2 | I103: 5 | J103: 1 | K103: 1 | L103: 3 | M103: 0 | N103: 0 | O103: 0 | P103: =VLOOKUP(E103,'lista de precios Sept 2025'!$B$1:$C$330,2,FALSE) -> 89990 | Q103: =VLOOKUP(E103,'lista de precios Sept 2025'!$B$1:$D$330,3,FALSE) -> 0
A104: MG010290109 | B104: FABRICA | C104: MARRO GRANDE | D104: BANDOLERA | E104: BANDOLERA NATY SIMPLE | F104: NAPADO | G104: AZUL | H104: 1 | I104: 2 | J104: 1 | K104: 1 | L104: 1 | M104: 0 | N104: 0 | O104: 0 | P104: =VLOOKUP(E104,'lista de precios Sept 2025'!$B$1:$C$330,2,FALSE) -> 89990 | Q104: =VLOOKUP(E104,'lista de precios Sept 2025'!$B$1:$D$330,3,FALSE) -> 0
A105: MG010290110 | B105: FABRICA | C105: MARRO GRANDE | D105: BANDOLERA | E105: BANDOLERA NATY SIMPLE | F105: NAPADO | G105: VERDE | H105: 0 | I105: 0 | J105: 1 | K105: 1 | L105: 1 | M105: 0 | N105: 0 | O105: 0 | P105: =VLOOKUP(E105,'lista de precios Sept 2025'!$B$1:$C$330,2,FALSE) -> 89990 | Q105: =VLOOKUP(E105,'lista de precios Sept 2025'!$B$1:$D$330,3,FALSE) -> 0
... A123: MG010290556-4 | B123: FABRICA | C123: MARRO GRANDE | D123: BANDOLERA | E123: BANDOLERA NATY SIMPLE | F123: GAMUZA | G123: OXIDO/TABACO | H123: 0 | I123: 0 | J123: 2 | K123: 0 | L123: 0 | M123: 2 | N123: 0 | O123: 0 | P123: =VLOOKUP(E123,'lista de precios Sept 2025'!$B$1:$C$330,2,FALSE) -> 89990 | Q123: =VLOOKUP(E123,'lista de precios Sept 2025'!$B$1:$D$330,3,FALSE) -> 0
A124: MG010290310 | B124: FABRICA | C124: MARRO GRANDE | D124: BANDOLERA | E124: BANDOLERA NATY SIMPLE NEW | F124: BRIDGE | G124: VERDE | H124: 0 | I124: 0 | J124: 0 | K124: 0 | L124: 0 | M124: 0 | N124: 0 | O124: 0
A125: MG010470550 | B125: FABRICA | C125: MARRO GRANDE | D125: BANDOLERA | E125: BANDOLERA NATY SIMPLE NEW | F125: GAMUZA | G125: VESUBIO | H125: 0 | I125: 0 | J125: 0 | K125: 0 | L125: 0 | M125: 0 | N125: 0 | O125: 0
A126: MG011090101 | B126: FABRICA | C126: MARRO GRANDE | D126: BANDOLERA | E126: BANDOLERA NEW VICENTA | F126: NAPADO | G126: NEGRO | H126: 6 | I126: 0 | J126: 2 | K126: 2 | L126: 1 | M126: 1 | N126: 0 | O126: 0 | P126: =VLOOKUP(E126,'lista de precios Sept 2025'!$B$1:$C$330,2,FALSE) -> 89990 | Q126: =VLOOKUP(E126,'lista de precios Sept 2025'!$B$1:$D$330,3,FALSE) -> 0
A127: MG011090103 | B127: FABRICA | C127: MARRO GRANDE | D127: BANDOLERA | E127: BANDOLERA NEW VICENTA | F127: NAPADO | G127: CARAMELO | H127: 4 | I127: 0 | J127: 2 | K127: 0 | L127: 1 | M127: 1 | N127: 0 | O127: 0 | P127: =VLOOKUP(E127,'lista de precios Sept 2025'!$B$1:$C$330,2,FALSE) -> 89990 | Q127: =VLOOKUP(E127,'lista de precios Sept 2025'!$B$1:$D$330,3,FALSE) -> 0
A128: MG011090550 | B128: FABRICA | C128: MARRO GRANDE | D128: BANDOLERA | E128: BANDOLERA NEW VICENTA | F128: GAMUZA | G128: VESUBIO/TABACO | H128: 0 | I128: 0 | J128: 0 | K128: 0 | L128: 2 | M128: 2 | N128: 0 | O128: 0 | P128: =VLOOKUP(E128,'lista de precios Sept 2025'!$B$1:$C$330,2,FALSE) -> 89990 | Q128: =VLOOKUP(E128,'lista de precios Sept 2025'!$B$1:$D$330,3,FALSE) -> 0
A129: MG011093242 | B129: FABRICA | C129: MARRO GRANDE | D129: BANDOLERA | E129: BANDOLERA NEW VICENTA | F129: VINTAGE | G129: MEDIO | H129: 0 | I129: 0 | J129: 0 | K129: 0 | L129: 0 | M129: 1 | N129: 0 | O129: 0 | P129: =VLOOKUP(E129,'lista de precios Sept 2025'!$B$1:$C$330,2,FALSE) -> 89990 | Q129: =VLOOKUP(E129,'lista de precios Sept 2025'!$B$1:$D$330,3,FALSE) -> 0
A130: MG011093409 | B130: FABRICA | C130: MARRO GRANDE | D130: BANDOLERA | E130: BANDOLERA NEW VICENTA | F130: DESCARNE | G130: AZUL | H130: 2 | I130: 5 | J130: 1 | K130: 2 | L130: 2 | M130: 2 | N130: 0 | O130: 0 | P130: =VLOOKUP(E130,'lista de precios Sept 2025'!$B$1:$C$330,2,FALSE) -> 89990 | Q130: =VLOOKUP(E130,'lista de precios Sept 2025'!$B$1:$D$330,3,FALSE) -> 0
A131: MG011093464 | B131: FABRICA | C131: MARRO GRANDE | D131: BANDOLERA | E131: BANDOLERA NEW VICENTA | F131: DESCARNE | G131: ROSA | H131: 0 | I131: 0 | J131: 0 | K131: 1 | L131: 0 | M131: 1 | N131: 0 | O131: 0 | P131: =VLOOKUP(E131,'lista de precios Sept 2025'!$B$1:$C$330,2,FALSE) -> 89990 | Q131: =VLOOKUP(E131,'lista de precios Sept 2025'!$B$1:$D$330,3,FALSE) -> 0
A132: MG100881101 | B132: BARONTINI | C132: MARRO GRANDE | D132: BANDOLERA | E132: BANDOLERA NOE | F132: MAGNUM | G132: NEGRO | H132: 0 | I132: 0 | J132: 0 | K132: 0 | L132: 0 | M132: 0 | N132: 0 | O132: 0 | P132: =VLOOKUP(E132,'lista de precios Sept 2025'!$B$1:$C$330,2,FALSE) -> 49990 | Q132: =VLOOKUP(E132,'lista de precios Sept 2025'!$B$1:$D$330,3,FALSE) -> LIQUIDACION
A133: MG100881120 | B133: BARONTINI | C133: MARRO GRANDE | D133: BANDOLERA | E133: BANDOLERA NOE | F133: MAGNUM | G133: CUOIO | H133: 0 | I133: 0 | J133: 0 | K133: 0 | L133: 0 | M133: 0 | N133: 0 | O133: 0 | P133: =VLOOKUP(E133,'lista de precios Sept 2025'!$B$1:$C$330,2,FALSE) -> 49990 | Q133: =VLOOKUP(E133,'lista de precios Sept 2025'!$B$1:$D$330,3,FALSE) -> LIQUIDACION
A134: MG100881160 | B134: BARONTINI | C134: MARRO GRANDE | D134: BANDOLERA | E134: BANDOLERA NOE | F134: MAGNUM | G134: ARMY | H134: 0 | I134: 0 | J134: 0 | K134: 0 | L134: 0 | M134: 0 | N134: 0 | O134: 0 | P134: =VLOOKUP(E134,'lista de precios Sept 2025'!$B$1:$C$330,2,FALSE) -> 49990 | Q134: =VLOOKUP(E134,'lista de precios Sept 2025'!$B$1:$D$330,3,FALSE) -> LIQUIDACION
A135: MG100881201 | B135: BARONTINI | C135: MARRO GRANDE | D135: BANDOLERA | E135: BANDOLERA NOE | F135: DUNA | G135: NEGRO | H135: 0 | I135: 0 | J135: 0 | K135: 0 | L135: 0 | M135: 0 | N135: 0 | O135: 0 | P135: =VLOOKUP(E135,'lista de precios Sept 2025'!$B$1:$C$330,2,FALSE) -> 49990 | Q135: =VLOOKUP(E135,'lista de precios Sept 2025'!$B$1:$D$330,3,FALSE) -> LIQUIDACION
A136: MG100881301 | B136: BARONTINI | C136: MARRO GRANDE | D136: BANDOLERA | E136: BANDOLERA NOE | F136: NAPA LOLA SOFT | G136: NEGRO | H136: 0 | I136: 0 | J136: 0 | K136: 0 | L136: 0 | M136: 0 | N136: 0 | O136: 0 | P136: =VLOOKUP(E136,'lista de precios Sept 2025'!$B$1:$C$330,2,FALSE) -> 49990 | Q136: =VLOOKUP(E136,'lista de precios Sept 2025'!$B$1:$D$330,3,FALSE) -> LIQUIDACION
A137: MG100881353 | B137: BARONTINI | C137: MARRO GRANDE | D137: BANDOLERA | E137: BANDOLERA NOE | F137: NAPA LOLA SOFT | G137: HAVANA | H137: 11 | I137: 0 | J137: 4 | K137: 0 | L137: 0 | M137: 1 | N137: 0 | O137: 1 | P137: =VLOOKUP(E137,'lista de precios Sept 2025'!$B$1:$C$330,2,FALSE) -> 49990 | Q137: =VLOOKUP(E137,'lista de precios Sept 2025'!$B$1:$D$330,3,FALSE) -> LIQUIDACION
... A145: MG100882201 | B145: BARONTINI | C145: MARRO GRANDE | D145: BANDOLERA | E145: BANDOLERA NOE | F145: SALLY | G145: NEGRO | H145: 0 | I145: 0 | J145: 0 | K145: 0 | L145: 0 | M145: 0 | N145: 0 | O145: 0 | P145: =VLOOKUP(E145,'lista de precios Sept 2025'!$B$1:$C$330,2,FALSE) -> 49990 | Q145: =VLOOKUP(E145,'lista de precios Sept 2025'!$B$1:$D$330,3,FALSE) -> LIQUIDACION
A146: MG151031623 | B146: BIANCO | C146: MARRO GRANDE | D146: BANDOLERA | E146: BANDOLERA PAMPA | F146: FIORENTINO | G146: CEDRO | H146: 0 | I146: 0 | J146: 0 | K146: 0 | L146: 0 | M146: 0 | N146: 0 | O146: 0
A147: MG011040102 | B147: FABRICA | C147: MARRO GRANDE | D147: BANDOLERA | E147: BANDOLERA RUFINA | F147: NAPADO | G147: SUELA | H147: 0 | I147: 0 | J147: 1 | K147: 0 | L147: 0 | M147: 1 | N147: 0 | O147: 0 | P147: =VLOOKUP(E147,'lista de precios Sept 2025'!$B$1:$C$330,2,FALSE) -> 119990 | Q147: =VLOOKUP(E147,'lista de precios Sept 2025'!$B$1:$D$330,3,FALSE) -> LIQUIDACION
A148: MG011040103 | B148: FABRICA | C148: MARRO GRANDE | D148: BANDOLERA | E148: BANDOLERA RUFINA | F148: NAPADO | G148: CARAMELO | H148: 0 | I148: 0 | J148: 0 | K148: 0 | L148: 2 | M148: 1 | N148: 0 | O148: 0 | P148: =VLOOKUP(E148,'lista de precios Sept 2025'!$B$1:$C$330,2,FALSE) -> 119990 | Q148: =VLOOKUP(E148,'lista de precios Sept 2025'!$B$1:$D$330,3,FALSE) -> LIQUIDACION
A149: MG011040107 | B149: FABRICA | C149: MARRO GRANDE | D149: BANDOLERA | E149: BANDOLERA RUFINA | F149: NAPADO | G149: ROJO | H149: 0 | I149: 0 | J149: 1 | K149: 0 | L149: 1 | M149: 0 | N149: 0 | O149: 0 | P149: =VLOOKUP(E149,'lista de precios Sept 2025'!$B$1:$C$330,2,FALSE) -> 119990 | Q149: =VLOOKUP(E149,'lista de precios Sept 2025'!$B$1:$D$330,3,FALSE) -> LIQUIDACION
A150: MG011041201 | B150: FABRICA | C150: MARRO GRANDE | D150: BANDOLERA | E150: BANDOLERA RUFINA | F150: DUNA | G150: NEGRO | H150: 0 | I150: 5 | J150: 2 | K150: 2 | L150: 2 | M150: 1 | N150: 0 | O150: 2 | P150: =VLOOKUP(E150,'lista de precios Sept 2025'!$B$1:$C$330,2,FALSE) -> 119990 | Q150: =VLOOKUP(E150,'lista de precios Sept 2025'!$B$1:$D$330,3,FALSE) -> LIQUIDACION
A151: MG010810101 | B151: FABRICA | C151: MARRO GRANDE | D151: BANDOLERA | E151: BANDOLERA SAGITTA | F151: NAPADO | G151: NEGRO | H151: 6 | I151: 0 | J151: 1 | K151: 2 | L151: 1 | M151: 1 | N151: 0 | O151: 0 | P151: =VLOOKUP(E151,'lista de precios Sept 2025'!$B$1:$C$330,2,FALSE) -> 119990 | Q151: =VLOOKUP(E151,'lista de precios Sept 2025'!$B$1:$D$330,3,FALSE) -> CAMBIO
A152: MG010810102 | B152: FABRICA | C152: MARRO GRANDE | D152: BANDOLERA | E152: BANDOLERA SAGITTA | F152: NAPADO | G152: SUELA | H152: 0 | I152: 0 | J152: 1 | K152: 0 | L152: 1 | M152: 1 | N152: 0 | O152: 0 | P152: =VLOOKUP(E152,'lista de precios Sept 2025'!$B$1:$C$330,2,FALSE) -> 119990 | Q152: =VLOOKUP(E152,'lista de precios Sept 2025'!$B$1:$D$330,3,FALSE) -> CAMBIO
A153: MG010810103 | B153: FABRICA | C153: MARRO GRANDE | D153: BANDOLERA | E153: BANDOLERA SAGITTA | F153: NAPADO | G153: CARAMELO | H153: 0 | I153: 0 | J153: 1 | K153: 0 | L153: 0 | M153: 1 | N153: 0 | O153: 0 | P153: =VLOOKUP(E153,'lista de precios Sept 2025'!$B$1:$C$330,2,FALSE) -> 119990 | Q153: =VLOOKUP(E153,'lista de precios Sept 2025'!$B$1:$D$330,3,FALSE) -> CAMBIO
A154: MG010810107 | B154: FABRICA | C154: MARRO GRANDE | D154: BANDOLERA | E154: BANDOLERA SAGITTA | F154: NAPADO | G154: ROJO | H154: 4 | I154: 1 | J154: 2 | K154: 1 | L154: 2 | M154: 1 | N154: 0 | O154: 0 | P154: =VLOOKUP(E154,'lista de precios Sept 2025'!$B$1:$C$330,2,FALSE) -> 119990 | Q154: =VLOOKUP(E154,'lista de precios Sept 2025'!$B$1:$D$330,3,FALSE) -> CAMBIO
A155: MG010810109 | B155: FABRICA | C155: MARRO GRANDE | D155: BANDOLERA | E155: BANDOLERA SAGITTA | F155: NAPADO | G155: AZUL | H155: 2 | I155: 2 | J155: 1 | K155: 0 | L155: 2 | M155: 1 | N155: 0 | O155: 0 | P155: =VLOOKUP(E155,'lista de precios Sept 2025'!$B$1:$C$330,2,FALSE) -> 119990 | Q155: =VLOOKUP(E155,'lista de precios Sept 2025'!$B$1:$D$330,3,FALSE) -> CAMBIO
A156: MG010810110 | B156: FABRICA | C156: MARRO GRANDE | D156: BANDOLERA | E156: BANDOLERA SAGITTA | F156: NAPADO | G156: VERDE | H156: 0 | I156: 0 | J156: 0 | K156: 0 | L156: 0 | M156: 0 | N156: 0 | O156: 0 | P156: =VLOOKUP(E156,'lista de precios Sept 2025'!$B$1:$C$330,2,FALSE) -> 119990 | Q156: =VLOOKUP(E156,'lista de precios Sept 2025'!$B$1:$D$330,3,FALSE) -> CAMBIO
A157: MG010700101 | B157: FABRICA | C157: MARRO GRANDE | D157: BANDOLERA | E157: BANDOLERA VICENTA | F157: NAPADO | G157: NEGRO | H157: 1 | I157: 0 | J157: 1 | K157: 1 | L157: 1 | M157: 1 | N157: 0 | O157: 0 | P157: =VLOOKUP(E157,'lista de precios Sept 2025'!$B$1:$C$330,2,FALSE) -> 99990 | Q157: =VLOOKUP(E157,'lista de precios Sept 2025'!$B$1:$D$330,3,FALSE) -> CAMBIO
A158: MG010700102 | B158: FABRICA | C158: MARRO GRANDE | D158: BANDOLERA | E158: BANDOLERA VICENTA | F158: NAPADO | G158: SUELA | H158: 2 | I158: 0 | J158: 2 | K158: 0 | L158: 0 | M158: 1 | N158: 0 | O158: 0 | P158: =VLOOKUP(E158,'lista de precios Sept 2025'!$B$1:$C$330,2,FALSE) -> 99990 | Q158: =VLOOKUP(E158,'lista de precios Sept 2025'!$B$1:$D$330,3,FALSE) -> CAMBIO
... A188: MC020700352 | B188: FABRICA | C188: MARRO CHICA | D188: BILLETERA | E188: BILLETERA ADAM | F188: BRIDGE | G188: CHOCOLATE | H188: 0 | I188: 4 | J188: 2 | K188: 2 | L188: 2 | M188: 1 | N188: 0 | O188: 1 | P188: =VLOOKUP(E188,'lista de precios Sept 2025'!$B$1:$C$330,2,FALSE) -> 65990 | Q188: =VLOOKUP(E188,'lista de precios Sept 2025'!$B$1:$D$330,3,FALSE) -> CAMBIO
A189: MC150600008 | B189: BIANCO | C189: MARRO CHICA | D189: BILLETERA | E189: BILLETERA AMY | F189: CUERO | G189: NATURAL | H189: 0 | I189: 0 | J189: 0 | K189: 0 | L189: 0 | M189: 0 | N189: 0 | O189: 0
A190: MC150601623 | B190: BIANCO | C190: MARRO CHICA | D190: BILLETERA | E190: BILLETERA AMY | F190: FIORENTINO | G190: CEDRO | H190: 0 | I190: 0 | J190: 0 | K190: 0 | L190: 0 | M190: 0 | N190: 0 | O190: 0
A191: MC020830101 | B191: FABRICA | C191: MARRO CHICA | D191: BILLETERA | E191: BILLETERA ARLO | F191: NAPADO | G191: NEGRO | H191: 0 | I191: 0 | J191: 0 | K191: 0 | L191: 0 | M191: 0 | N191: 0 | O191: 0 | P191: =VLOOKUP(E191,'lista de precios Sept 2025'!$B$1:$C$330,2,FALSE) -> 65990 | Q191: =VLOOKUP(E191,'lista de precios Sept 2025'!$B$1:$D$330,3,FALSE) -> CAMBIO
A192: MC020830109 | B192: FABRICA | C192: MARRO CHICA | D192: BILLETERA | E192: BILLETERA ARLO | F192: NAPADO | G192: AZUL | H192: 0 | I192: 0 | J192: 0 | K192: 0 | L192: 0 | M192: 0 | N192: 0 | O192: 1 | P192: =VLOOKUP(E192,'lista de precios Sept 2025'!$B$1:$C$330,2,FALSE) -> 65990 | Q192: =VLOOKUP(E192,'lista de precios Sept 2025'!$B$1:$D$330,3,FALSE) -> CAMBIO
A193: MC020830110 | B193: FABRICA | C193: MARRO CHICA | D193: BILLETERA | E193: BILLETERA ARLO | F193: NAPADO | G193: VERDE | H193: 0 | I193: 0 | J193: 0 | K193: 0 | L193: 1 | M193: 0 | N193: 0 | O193: 0 | P193: =VLOOKUP(E193,'lista de precios Sept 2025'!$B$1:$C$330,2,FALSE) -> 65990 | Q193: =VLOOKUP(E193,'lista de precios Sept 2025'!$B$1:$D$330,3,FALSE) -> CAMBIO
A194: MC020830301 | B194: FABRICA | C194: MARRO CHICA | D194: BILLETERA | E194: BILLETERA ARLO | F194: BRIDGE | G194: NEGRO | H194: 0 | I194: 0 | J194: 3 | K194: 2 | L194: 2 | M194: 1 | N194: 0 | O194: 1 | P194: =VLOOKUP(E194,'lista de precios Sept 2025'!$B$1:$C$330,2,FALSE) -> 65990 | Q194: =VLOOKUP(E194,'lista de precios Sept 2025'!$B$1:$D$330,3,FALSE) -> CAMBIO
A195: MC020830303 | B195: FABRICA | C195: MARRO CHICA | D195: BILLETERA | E195: BILLETERA ARLO | F195: BRIDGE | G195: CARAMELO | H195: 0 | I195: 0 | J195: 0 | K195: 3 | L195: 0 | M195: 0 | N195: 0 | O195: 1 | P195: =VLOOKUP(E195,'lista de precios Sept 2025'!$B$1:$C$330,2,FALSE) -> 65990 | Q195: =VLOOKUP(E195,'lista de precios Sept 2025'!$B$1:$D$330,3,FALSE) -> CAMBIO
...

Sheet lista de precios Sept 2025
A1: Rubro | B1: Descripción | C1: Precio | D1: Comentarios
A2: ACCESORIOS | B2: BOINA CLYDE | C2: 59990
A3: ACCESORIOS | B3: BUFANDA ACRUX | C3: 79990
A4: ACCESORIOS | B4: BUFANDA ADHARA | C4: 79990
A5: ACCESORIOS | B5: BUFANDA CAPELLA | C5: 79990
A6: ACCESORIOS | B6: CORREA LOLI | C6: 29990
A7: ACCESORIOS | B7: CORREA LORE | C7: 26990
A8: ACCESORIOS | B8: ESPEJO RECTANGULAR | C8: 22990 | D8: CAMBIO
A9: ACCESORIOS | B9: GORRO ANTARES | C9: 24990
A10: ACCESORIOS | B10: GORRO ESPIGA | C10: 9990 | D10: LIQUIDACION
A11: ACCESORIOS | B11: GORRO FRED | C11: 33990
A12: ACCESORIOS | B12: GORRO NOA | C12: 24990
A13: ACCESORIOS | B13: GORRO PAÑO | C13: 49990
A14: ACCESORIOS | B14: GORRO SEA | C14: 36990
A15: ACCESORIOS | B15: GORRO SELA | C15: 24990
A16: ACCESORIOS | B16: GORRO SIRIUS | C16: 24990
A17: ACCESORIOS | B17: GORRO VEGA | C17: 24990
A18: ACCESORIOS | B18: GORRO VENTO | C18: 49990
A19: ACCESORIOS | B19: GUANTE DAMA | C19: 29990
A20: ACCESORIOS | B20: GUANTE HOMBRE | C20: 29990
A21: ACCESORIOS | B21: LLAVERO ABC | C21: 29990
A22: ACCESORIOS | B22: LLAVERO ALDANA | C22: 9990 | D22: LIQUIDACION
A23: ACCESORIOS | B23: LLAVERO CALADO FRASES | C23: 12990 | D23: LIQUIDACION
A24: ACCESORIOS | B24: LLAVERO CALADO INICIALES | C24: 12990 | D24: LIQUIDACION
A25: ACCESORIOS | B25: LLAVERO CALADO ZODIACO | C25: 12990 | D25: LIQUIDACION
A26: ACCESORIOS | B26: LLAVERO CALE | C26: 12990 | D26: LIQUIDACION
A27: ACCESORIOS | B27: LLAVERO COMBINADO | C27: 12990 | D27: LIQUIDACION
A28: ACCESORIOS | B28: LLAVERO ESPIGA | C28: 12990 | D28: LIQUIDACION
A29: ACCESORIOS | B29: LLAVERO INICIALES | C29: 12990
A30: ACCESORIOS | B30: LLAVERO JAIRO L216 | C30: 12990 | D30: LIQUIDACION
A31: ACCESORIOS | B31: LLAVERO KAREN | C31: 21990 | D31: CAMBIO
A32: ACCESORIOS | B32: LLAVERO MIRLO | C32: 9990 | D32: LIQUIDACION
A33: ACCESORIOS | B33: LLAVERO PANAMA | C33: 12990 | D33: LIQUIDACION
A34: ACCESORIOS | B34: LLAVERO SIMPLE | C34: 15990
A35: ACCESORIOS | B35: MATERA AVA | C35: 149990
A36: ACCESORIOS | B36: MATERA OLI | C36: 169990 | D36: CAMBIO
A37: ACCESORIOS | B37: MATERA OLI PELO | C37: 199990 | D37: CAMBIO
A38: ACCESORIOS | B38: MATERA RENATA | C38: 174990
A39: ACCESORIOS | B39: MATERA RENE FULL BLACK | C39: 169990 | D39: CAMBIO
A40: ACCESORIOS | B40: PILUSO HILDA | C40: 74990
A41: ACCESORIOS | B41: PORTAVINO CAFAYATE | C41: 34990
A42: ACCESORIOS | B42: PORTAVINO RIOJA | C42: 34990
A43: ACCESORIOS | B43: PORTAVINO TANDIL | C43: 64990
A44: ACCESORIOS | B44: PORTAVINO TUNUYAN | C44: 139990 | D44: CAMBIO
A45: ACCESORIOS | B45: PORTAVINO UCO | C45: 84990
A46: ACCESORIOS | B46: SEÑALADOR | C46: 2990
A47: ACCESORIOS | B47: SOMBRERO ALGODON | C47: 39990
A48: ACCESORIOS | B48: SOMBRERO FABIO | C48: 99990 | D48: LIQUIDACION
A49: ACCESORIOS | B49: SOMBRERO RAFIA | C49: 49990
A50: CALZADO | B50: BORCEGO ALELI | C50: 59990 | D50: LIQUIDACION
A51: CALZADO | B51: BOTA JAZMIN | C51: 59990 | D51: LIQUIDACION
A52: CALZADO | B52: BOTA MORRIS | C52: 59990 | D52: LIQUIDACION
A53: CALZADO | B53: MOCASIN FANGIO | C53: 59990 | D53: LIQUIDACION
A54: CALZADO | B54: MOCASIN JULIA | C54: 59990 | D54: LIQUIDACION
A55: CALZADO | B55: MOCASIN PAULA | C55: 59990 | D55: LIQUIDACION
A56: CALZADO | B56: SANDALIA LOLA | C56: 99990
A57: CALZADO | B57: SANDALIA LOLA C/ TACO | C57: 99990
A58: CALZADO | B58: SANDALIA MAR | C58: 59990 | D58: LIQUIDACION
A59: CALZADO | B59: SANDALIA SOFIA | C59: 59990 | D59: LIQUIDACION
A60: CALZADO | B60: ZAPATILLA MATEO | C60: 79990
A61: CALZADO | B61: ZAPATILLA URBANA | C61: 79990
A62: CALZADO | B62: ZAPATO NAUTICO C ACORDONADO | C62: 29990 | D62: LIQUIDACION
A63: CALZADO | B63: ZAPATO NAUTICO V ACORDONADO | C63: 29990 | D63: LIQUIDACION
A64: CINTURON | B64: CINTURON FLORA 1 | C64: 49990
A65: CINTURON | B65: CINTURON FLORA 2 | C65: 54990
A66: DECO | B66: BANDEJA CHICA | C66: 35990 | D66: CAMBIO
A67: DECO | B67: DELANTAL DENO | C67: 24990
A68: DECO | B68: INDIVIDUAL CURVO | C68: 35990 | D68: CAMBIO
A69: DECO | B69: INDIVIDUAL MAEL | C69: 95990
A70: DECO | B70: INDIVIDUAL RECTO | C70: 35990 | D70: CAMBIO
A71: DECO | B71: MOUSEPAD | C71: 16990
A72: DECO | B72: POSAVASOS MAEL | C72: 19990 | D72: CAMBIO
A73: DECO | B73: SET POSAVASOS CIRCULAR X4 | C73: 39990
A74: DECO | B74: SET POSAVASOS CUADRADO X4 | C74: 35990
A75: MARRO CHICA | B75: BILLETERA ADAM | C75: 65990 | D75: CAMBIO
A76: MARRO CHICA | B76: BILLETERA ARLO | C76: 65990 | D76: CAMBIO
A77: MARRO CHICA | B77: BILLETERA BEIJING | C77: 99990 | D77: CAMBIO
A78: MARRO CHICA | B78: BILLETERA BEIJING IGUANA AZUL/ VERDE | C78: 79990 | D78: LIQUIDACION
A79: MARRO CHICA | B79: BILLETERA COPAHUE | C79: 69990 | D79: CAMBIO
A80: MARRO CHICA | B80: BILLETERA FICHERO | C80: 112990 | D80: CAMBIO
A81: MARRO CHICA | B81: BILLETERA KEY | C81: 44990 | D81: LIQUIDACION
A82: MARRO CHICA | B82: BILLETERA KEY FULL BLACK | C82: 44990 | D82: LIQUIDACION
A83: MARRO CHICA | B83: BILLETERA LEXI | C83: 64990 | D83: LIQUIDACION
A84: MARRO CHICA | B84: BILLETERA LIAM | C84: 89990 | D84: CAMBIO
A85: MARRO CHICA | B85: BILLETERA LUCA | C85: 49990 | D85: CAMBIO
A86: MARRO CHICA | B86: BILLETERA MILO SIMPLE | C86: 59990 | D86: CAMBIO
... A91: MARRO CHICA | B91: CARTUCHERA MONT FULL BLACK | C91: 39990 | D91: CAMBIO
A92: MARRO CHICA | B92: CINTURON ALFO 223 | C92: 51990
A93: MARRO CHICA | B93: CINTURON ESPIGA 216 | C93: 29990 | D93: LIQUIDACION
A94: MARRO CHICA | B94: CINTURON GUS 650 | C94: 51990
A95: MARRO CHICA | B95: CINTURON JAIRO 455 | C95: 29990 | D95: LIQUIDACION
A96: MARRO CHICA | B96: CINTURON LOPA | C96: 99990
A97: MARRO CHICA | B97: CINTURON MIA | C97: 39990
A98: MARRO CHICA | B98: CINTURON PANAMA 468 | C98: 51990
A99: MARRO CHICA | B99: CINTURON PAO | C99: 29990 | D99: LIQUIDACION
A100: MARRO CHICA | B100: CINTURON PAO COMBINADO | C100: 29990
A101: MARRO CHICA | B101: CINTURON REX 508 | C101: 51990
A102: MARRO CHICA | B102: CINTURON RUS | C102: 41990
A103: MARRO CHICA | B103: CINTURON TINO | C103: 99990
A104: MARRO CHICA | B104: CINTURON TOKIO | C104: 29990 | D104: LIQUIDACION
...
