Workbook

Sheet Hoja1
A3: Suma de VENTA | B3: Etiquetas de columna
B4: 2024 | D4: 2025 | J4: Total general
B5: Trim.4 | D5: Trim.1 | G5: Trim.2
A6: Etiquetas de fila | B6: nov | C6: dic | D6: ene | E6: feb | F6: mar | G6: abr | H6: may | I6: jun
A7: A | C7: 2 | D7: 1 | E7: 7 | F7: 3 | G7: 1 | H7: 5 | I7: 10 | J7: 29
A8: B | C8: 1 | D8: 1 | E8: 8 | F8: 4 | G8: 2 | H8: 4 | I8: 4 | J8: 24
A9: C | E9: 5 | F9: 12 | G9: 7 | H9: 6 | I9: 2 | J9: 32
A10: D | E10: 4 | F10: 3 | G10: 5 | H10: 1 | I10: 1 | J10: 14
A11: E | H11: 2 | I11: 3 | J11: 5
A12: F | C12: 1 | D12: 1 | E12: 3 | F12: 3 | G12: 3 | H12: 1 | I12: 3 | J12: 15
A13: G | C13: 1 | E13: 1 | F13: 7 | G13: 4 | H13: 3 | I13: 2 | J13: 18
A14: H | H14: 1 | I14: 1 | J14: 2
A15: J | E15: 5 | F15: 8 | G15: 6 | H15: 7 | I15: 3 | J15: 29
A16: K | F16: 7 | G16: 7 | I16: 1 | J16: 15
A17: L | E17: 4 | F17: 4 | G17: 5 | H17: 9 | I17: 8 | J17: 30
A18: M | B18: 2 | C18: 5 | D18: 2 | E18: 9 | F18: 8 | G18: 5 | H18: 4 | I18: 8 | J18: 43
A19: N | E19: 3 | F19: 7 | G19: 1 | H19: 6 | I19: 1 | J19: 18
A20: P | B20: 1 | C20: 3 | E20: 5 | F20: 3 | G20: 1 | H20: 4 | I20: 2 | J20: 19
A21: R | C21: 4 | E21: 4 | F21: 6 | G21: 3 | H21: 5 | I21: 3 | J21: 25
A22: S | C22: 1 | D22: 2 | E22: 6 | F22: 3 | G22: 2 | H22: 1 | I22: 1 | J22: 16
A23: T | H23: 1 | J23: 1
A24: V | D24: 1 | F24: 3 | G24: 3 | H24: 6 | I24: 4 | J24: 17
A25: Y | F25: 1 | H25: 1 | I25: 4 | J25: 6
A26: Total general | B26: 3 | C26: 18 | D26: 8 | E26: 64 | F26: 82 | G26: 55 | H26: 67 | I26: 61 | J26: 358

Sheet venta llaveros
A1: FECHA_EMISION | B1: DESCRIPCION | C1: VENTA | D1: FECHA | E1: LETRA | F1: MES | G1: MES_ETIQUETA | H1: DIA
A2: 45623 | B2: LLAVERO ABC (LETRA P) | C2: 1 | D2: 45623 | E2: P | F2: 45597 | G2: noviembre 2024 | H2: 27
A3: 45624 | B3: LLAVERO ABC (LETRA M) | C3: 2 | D3: 45624 | E3: M | F3: 45597 | G3: noviembre 2024 | H3: 28
A4: 45629 | B4: LLAVERO ABC (LETRA G) | C4: 1 | D4: 45629 | E4: G | F4: 45627 | G4: diciembre 2024 | H4: 3
A5: 45629 | B5: LLAVERO ABC (LETRA P) | C5: 1 | D5: 45629 | E5: P | F5: 45627 | G5: diciembre 2024 | H5: 3
A6: 45630 | B6: LLAVERO ABC (LETRA R) | C6: 1 | D6: 45630 | E6: R | F6: 45627 | G6: diciembre 2024 | H6: 4
A7: 45633 | B7: LLAVERO ABC (LETRA R) | C7: 1 | D7: 45633 | E7: R | F7: 45627 | G7: diciembre 2024 | H7: 7
A8: 45638 | B8: LLAVERO ABC (LETRA R) | C8: 1 | D8: 45638 | E8: R | F8: 45627 | G8: diciembre 2024 | H8: 12
A9: 45639 | B9: LLAVERO ABC (LETRA M) | C9: 1 | D9: 45639 | E9: M | F9: 45627 | G9: diciembre 2024 | H9: 13
A10: 45639 | B10: LLAVERO ABC (LETRA S) | C10: 1 | D10: 45639 | E10: S | F10: 45627 | G10: diciembre 2024 | H10: 13
A11: 45642 | B11: LLAVERO ABC (LETRA M) | C11: 1 | D11: 45642 | E11: M | F11: 45627 | G11: diciembre 2024 | H11: 16
A12: 45642 | B12: LLAVERO ABC (LETRA P) | C12: 1 | D12: 45642 | E12: P | F12: 45627 | G12: diciembre 2024 | H12: 16
A13: 45645 | B13: LLAVERO ABC (LETRA F) | C13: 1 | D13: 45645 | E13: F | F13: 45627 | G13: diciembre 2024 | H13: 19
... A317: 45832 | B317: LLAVERO ABC (LETRA A) | C317: 3 | D317: 45832 | E317: A | F317: 45809 | G317: junio 2025 | H317: 24

Sheet Stock a marzo
A1: LETRA | B1: STOCK
A2: A | B2: 0
A3: B | B3: 25
A4: C | B4: 35
A5: D | B5: 36
A6: E | B6: 0
A7: F | B7: 41
A8: G | B8: 37
A9: J | B9: 33
A10: K | B10: 0
A11: L | B11: 64
A12: M | B12: 34
A13: N | B13: 36
... A18: Y | B18: 20

Sheet Stock a mayo
A1: Etiquetas de fila | B1: Suma de Cantidad
A2: A | B2: 26
A3: B | B3: 19
A4: C | B4: 53
A5: D | B5: 28
A6: E | B6: 10
A7: F | B7: 46
A8: G | B8: 26
A9: H | B9: 6
A10: J | B10: 25
A11: K | B11: 22
A12: L | B12: 76
A13: M | B13: 28
... A20: Y | B20: 39

Sheet Stock a junio
A1: LETRA | B1: STOCK
A2: A | B2: 20
A3: B | B3: 23
A4: C | B4: 47
A5: D | B5: 27
A6: E | B6: 7
A7: F | B7: 45
A8: G | B8: 23
A9: H | B9: 5
A10: J | B10: 18
A11: K | B11: 28
A12: L | B12: 66
A13: M | B13: 30
... A20: Y | B20: 37

Sheet Venta y stock
A1: LETRAS | B1: nov | C1: dic | D1: ene | E1: feb | F1: mar | G1: abr | H1: may | I1: jun | J1: PROMEDIO MARZO, MAYO, JUNIO | K1: STOCK AL 1/3 | L1: STOCK AL 1/5 | M1: STOCK AL 1/6 | N1: PROMEDIO MENSUAL
A2: A | C2: 2 | D2: 1 | E2: 7 | F2: 3 | G2: 1 | H2: 5 | I2: 10 | J2: =AVERAGE(F2,H2,I2) -> 6 | K2: =VLOOKUP(A2,'Stock a marzo'!$A$2:$B$21,2,FALSE) -> 0 | L2: =VLOOKUP(A2,'Stock a mayo'!$A$1:$B$20,2,FALSE) -> 26 | M2: =VLOOKUP(A2,'Stock a junio'!$A$1:$B$20,2,FALSE) -> 20 | N2: =AVERAGE(H2:I2) -> 7.5
A3: B | C3: 1 | D3: 1 | E3: 8 | F3: 4 | G3: 2 | H3: 4 | I3: 4 | J3: =AVERAGE(F3,H3,I3) -> 4 | K3: =VLOOKUP(A3,'Stock a marzo'!$A$2:$B$21,2,FALSE) -> 25 | L3: =VLOOKUP(A3,'Stock a mayo'!$A$1:$B$20,2,FALSE) -> 19 | M3: =VLOOKUP(A3,'Stock a junio'!$A$1:$B$20,2,FALSE) -> 23 | N3: =AVERAGE(F3,H3,I3) -> 4
A4: C | E4: 5 | F4: 12 | G4: 7 | H4: 6 | I4: 2 | J4: =AVERAGE(F4,H4,I4) -> 6.6666667 | K4: =VLOOKUP(A4,'Stock a marzo'!$A$2:$B$21,2,FALSE) -> 35 | L4: =VLOOKUP(A4,'Stock a mayo'!$A$1:$B$20,2,FALSE) -> 53 | M4: =VLOOKUP(A4,'Stock a junio'!$A$1:$B$20,2,FALSE) -> 47 | N4: =AVERAGE(F4,H4,I4) -> 6.6666667
A5: D | E5: 4 | F5: 3 | G5: 5 | H5: 1 | I5: 1 | J5: =AVERAGE(F5,H5,I5) -> 1.6666667 | K5: =VLOOKUP(A5,'Stock a marzo'!$A$2:$B$21,2,FALSE) -> 36 | L5: =VLOOKUP(A5,'Stock a mayo'!$A$1:$B$20,2,FALSE) -> 28 | M5: =VLOOKUP(A5,'Stock a junio'!$A$1:$B$20,2,FALSE) -> 27 | N5: =AVERAGE(F5,H5,I5) -> 1.6666667
A6: E | F6: 0 | G6: 0 | H6: 2 | I6: 3 | J6: =AVERAGE(F6,H6,I6) -> 1.6666667 | K6: =VLOOKUP(A6,'Stock a marzo'!$A$2:$B$21,2,FALSE) -> 0 | L6: =VLOOKUP(A6,'Stock a mayo'!$A$1:$B$20,2,FALSE) -> 10 | M6: =VLOOKUP(A6,'Stock a junio'!$A$1:$B$20,2,FALSE) -> 7 | N6: =AVERAGE(H6:I6) -> 2.5
A7: F | C7: 1 | D7: 1 | E7: 3 | F7: 3 | G7: 3 | H7: 1 | I7: 3 | J7: =AVERAGE(F7,H7,I7) -> 2.3333333 | K7: =VLOOKUP(A7,'Stock a marzo'!$A$2:$B$21,2,FALSE) -> 41 | L7: =VLOOKUP(A7,'Stock a mayo'!$A$1:$B$20,2,FALSE) -> 46 | M7: =VLOOKUP(A7,'Stock a junio'!$A$1:$B$20,2,FALSE) -> 45 | N7: =AVERAGE(F7,H7,I7) -> 2.3333333
A8: G | C8: 1 | E8: 1 | F8: 7 | G8: 4 | H8: 3 | I8: 2 | J8: =AVERAGE(F8,H8,I8) -> 4 | K8: =VLOOKUP(A8,'Stock a marzo'!$A$2:$B$21,2,FALSE) -> 37 | L8: =VLOOKUP(A8,'Stock a mayo'!$A$1:$B$20,2,FALSE) -> 26 | M8: =VLOOKUP(A8,'Stock a junio'!$A$1:$B$20,2,FALSE) -> 23 | N8: =AVERAGE(F8,H8,I8) -> 4
A9: H | F9: 0 | G9: 0 | H9: 1 | I9: 1 | J9: =AVERAGE(F9,H9,I9) -> 0.66666667 | L9: =VLOOKUP(A9,'Stock a mayo'!$A$1:$B$20,2,FALSE) -> 6 | M9: =VLOOKUP(A9,'Stock a junio'!$A$1:$B$20,2,FALSE) -> 5 | N9: =AVERAGE(H9:I9) -> 1
A10: J | E10: 5 | F10: 8 | G10: 6 | H10: 7 | I10: 3 | J10: =AVERAGE(F10,H10,I10) -> 6 | K10: =VLOOKUP(A10,'Stock a marzo'!$A$2:$B$21,2,FALSE) -> 33 | L10: =VLOOKUP(A10,'Stock a mayo'!$A$1:$B$20,2,FALSE) -> 25 | M10: =VLOOKUP(A10,'Stock a junio'!$A$1:$B$20,2,FALSE) -> 18 | N10: =AVERAGE(F10,H10,I10) -> 6
A11: K | F11: 7 | G11: 7 | H11: 0 | I11: 1 | J11: =AVERAGE(F11,H11,I11) -> 2.6666667 | K11: =VLOOKUP(A11,'Stock a marzo'!$A$2:$B$21,2,FALSE) -> 0 | L11: =VLOOKUP(A11,'Stock a mayo'!$A$1:$B$20,2,FALSE) -> 22 | M11: =VLOOKUP(A11,'Stock a junio'!$A$1:$B$20,2,FALSE) -> 28 | N11: =AVERAGE(F11,H11,I11) -> 2.6666667
A12: L | E12: 4 | F12: 4 | G12: 5 | H12: 9 | I12: 8 | J12: =AVERAGE(F12,H12,I12) -> 7 | K12: =VLOOKUP(A12,'Stock a marzo'!$A$2:$B$21,2,FALSE) -> 64 | L12: =VLOOKUP(A12,'Stock a mayo'!$A$1:$B$20,2,FALSE) -> 76 | M12: =VLOOKUP(A12,'Stock a junio'!$A$1:$B$20,2,FALSE) -> 66 | N12: =AVERAGE(F12,H12,I12) -> 7
A13: M | B13: 2 | C13: 5 | D13: 2 | E13: 9 | F13: 8 | G13: 5 | H13: 4 | I13: 8 | J13: =AVERAGE(F13,H13,I13) -> 6.6666667 | K13: =VLOOKUP(A13,'Stock a marzo'!$A$2:$B$21,2,FALSE) -> 34 | L13: =VLOOKUP(A13,'Stock a mayo'!$A$1:$B$20,2,FALSE) -> 28 | M13: =VLOOKUP(A13,'Stock a junio'!$A$1:$B$20,2,FALSE) -> 30 | N13: =AVERAGE(F13,H13,I13) -> 6.6666667
A14: N | E14: 3 | F14: 7 | G14: 1 | H14: 6 | I14: 1 | J14: =AVERAGE(F14,H14,I14) -> 4.6666667 | K14: =VLOOKUP(A14,'Stock a marzo'!$A$2:$B$21,2,FALSE) -> 36 | L14: =VLOOKUP(A14,'Stock a mayo'!$A$1:$B$20,2,FALSE) -> 38 | M14: =VLOOKUP(A14,'Stock a junio'!$A$1:$B$20,2,FALSE) -> 32 | N14: =AVERAGE(F14,H14,I14) -> 4.6666667
A15: P | B15: 1 | C15: 3 | E15: 5 | F15: 3 | G15: 1 | H15: 4 | I15: 2 | J15: =AVERAGE(F15,H15,I15) -> 3 | K15: =VLOOKUP(A15,'Stock a marzo'!$A$2:$B$21,2,FALSE) -> 24 | L15: =VLOOKUP(A15,'Stock a mayo'!$A$1:$B$20,2,FALSE) -> 19 | M15: =VLOOKUP(A15,'Stock a junio'!$A$1:$B$20,2,FALSE) -> 15 | N15: =AVERAGE(F15,H15,I15) -> 3
A16: R | C16: 4 | E16: 4 | F16: 6 | G16: 3 | H16: 5 | I16: 3 | J16: =AVERAGE(F16,H16,I16) -> 4.6666667 | K16: =VLOOKUP(A16,'Stock a marzo'!$A$2:$B$21,2,FALSE) -> 37 | L16: =VLOOKUP(A16,'Stock a mayo'!$A$1:$B$20,2,FALSE) -> 28 | M16: =VLOOKUP(A16,'Stock a junio'!$A$1:$B$20,2,FALSE) -> 22 | N16: =AVERAGE(F16,H16,I16) -> 4.6666667
A17: S | C17: 1 | D17: 2 | E17: 6 | F17: 3 | G17: 2 | H17: 1 | I17: 1 | J17: =AVERAGE(F17,H17,I17) -> 1.6666667 | K17: =VLOOKUP(A17,'Stock a marzo'!$A$2:$B$21,2,FALSE) -> 9 | L17: =VLOOKUP(A17,'Stock a mayo'!$A$1:$B$20,2,FALSE) -> 4 | M17: =VLOOKUP(A17,'Stock a junio'!$A$1:$B$20,2,FALSE) -> 13 | N17: =AVERAGE(F17,H17,I17) -> 1.6666667
A18: T | F18: 0 | G18: 0 | H18: 1 | I18: 0 | J18: =AVERAGE(F18,H18,I18) -> 0.33333333 | L18: =VLOOKUP(A18,'Stock a mayo'!$A$1:$B$20,2,FALSE) -> 6 | M18: =VLOOKUP(A18,'Stock a junio'!$A$1:$B$20,2,FALSE) -> 5 | N18: =AVERAGE(H18:I18) -> 0.5
A19: V | D19: 1 | F19: 3 | G19: 3 | H19: 6 | I19: 4 | J19: =AVERAGE(F19,H19,I19) -> 4.3333333 | K19: =VLOOKUP(A19,'Stock a marzo'!$A$2:$B$21,2,FALSE) -> 47 | L19: =VLOOKUP(A19,'Stock a mayo'!$A$1:$B$20,2,FALSE) -> 41 | M19: =VLOOKUP(A19,'Stock a junio'!$A$1:$B$20,2,FALSE) -> 35 | N19: =AVERAGE(F19,H19,I19) -> 4.3333333
A20: Y | F20: 1 | G20: 0 | H20: 1 | I20: 4 | J20: =AVERAGE(F20,H20,I20) -> 2 | K20: =VLOOKUP(A20,'Stock a marzo'!$A$2:$B$21,2,FALSE) -> 20 | L20: =VLOOKUP(A20,'Stock a mayo'!$A$1:$B$20,2,FALSE) -> 39 | M20: =VLOOKUP(A20,'Stock a junio'!$A$1:$B$20,2,FALSE) -> 37 | N20: =AVERAGE(F20,H20,I20) -> 2
