Workbook

Sheet Hoja1
A1: Estructura
A3: Tienda | B3: Estructura | D3: Legajo | E3: Apellido y Nombre | F3: Fecha ingreso | G3: Tienda asignada este mes | H3: Horas máximas | I3: Valor hora | K3: VENDEDOR B - tarifa standard
A4: AS San Telmo | B4: 4 | D4: 55 | E4: Carrizo Camila | F4: 44414 | G4: AS San Telmo | I4: =VLOOKUP(D4,Hoja2!A1:Q26,17,FALSE) -> 7502.7811 | M4: Vendedor B - S Neto | N4: Vendedor B - S Bruto | O4: Contribuciones + ART | P4: COSTO TOTAL
A5: Florida | B5: 5 | D5: 103 | E5: Esposito Candela | F5: 44854 | G5: Lucero San Telmo | I5: =VLOOKUP(D5,Hoja2!A2:Q27,17,FALSE) -> 7520.4649 | K5: 500 | L5: VENDEDORA B 88 HS | M5: 447020.00 | N5: 562,846.63 | O5: 209,556.25 | P5: 772,402.89
A6: French | B6: 3 | D6: 120 | E6: Bertolo Milagros | F6: 45020 | G6: Lucero French | I6: =VLOOKUP(D6,Hoja2!A3:Q28,17,FALSE) -> 7459.3989 | K6: 501 | L6: VENDEDORA B 132 HS | M6: 668339.00 | N6: 842,078.95 | O6: 312,872.21 | P6: 1,154,951.16
A7: Güemes | B7: 2 | D7: 126 | E7: Barajas Barbara | F7: 45057 | G7: Lucero Recoleta | I7: =VLOOKUP(D7,Hoja2!A4:Q29,17,FALSE) -> 7455.5802
A8: Recoleta | B8: 3 | D8: 131 | E8: De Brito Rocio | F8: 45085 | G8: Lucero Güemes | I8: =VLOOKUP(D8,Hoja2!A5:Q30,17,FALSE) -> 7068.2977 | L8: Dif plus vacacional 88hs | M8: 41721.87
A9: San Telmo | B9: 4 | D9: 138 | E9: Lara Robbio | F9: 45139 | G9: Lucero San Telmo | I9: =VLOOKUP(D9,Hoja2!A6:Q31,17,FALSE) -> 7465.8196 | L9: Dif plus vacacional 132 Hs | M9: 62378.31
A10: San Telmo 2 | B10: 2 | D10: 139 | E10: Viña Sofia | F10: 45139 | G10: Lucero Florida | I10: =VLOOKUP(D10,Hoja2!A7:Q32,17,FALSE) -> 7446.5442
D11: 143 | E11: Molina Agustina | F11: 45184 | G11: AS San Telmo | I11: =VLOOKUP(D11,Hoja2!A8:Q33,17,FALSE) -> 7377.4904
D12: 151 | E12: Kiara Corbalan | F12: 45201 | G12: AS San Telmo | I12: =VLOOKUP(D12,Hoja2!A9:Q34,17,FALSE) -> 7377.4904
D13: 161 | E13: Martínez Brisa | F13: 45272 | G13: AS San Telmo | I13: =VLOOKUP(D13,Hoja2!A10:Q35,17,FALSE) -> 7377.4904
D14: 165 | E14: CORONEL Mailen | F14: 45311 | G14: Lucero Güemes | I14: =VLOOKUP(D14,Hoja2!A11:Q36,17,FALSE) -> 7092.1877
D15: 170 | E15: Ruiz de la Torre Maitena | F15: 45345 | G15: Lucero Florida | I15: =VLOOKUP(D15,Hoja2!A12:Q37,17,FALSE) -> 7462.6958
D16: 171 | E16: Gimenez Candela | F16: 45771 | G16: Lucero Recoleta | I16: =VLOOKUP(D16,Hoja2!A13:Q38,17,FALSE) -> 7386.213
D17: 173 | E17: Imperiale Candela | F17: 45447 | G17: Lucero Florida | I17: =VLOOKUP(D17,Hoja2!A14:Q39,17,FALSE) -> 7444.8139
D18: 174 | E18: Machuca Araceli | F18: 45477 | G18: Lucero French | I18: =VLOOKUP(D18,Hoja2!A15:Q40,17,FALSE) -> 7401.9046
D19: 184 | E19: Villarruel Candela | F19: 45569 | G19: AS San Telmo | I19: =VLOOKUP(D19,Hoja2!A16:Q41,17,FALSE) -> 6960.5702
D20: 186 | E20: Balmaceda Luciana | F20: 45587 | G20: Lucero Florida | I20: =VLOOKUP(D20,Hoja2!A17:Q42,17,FALSE) -> 7419.3282
D21: 189 | E21: Oliva Micaela | F21: 45597 | G21: Lucero Recoleta | I21: =VLOOKUP(D21,Hoja2!A18:Q43,17,FALSE) -> 7321.3191
D22: 190 | E22: Mohamad Daila | F22: 45597 | G22: Lucero San Telmo 2 | I22: =VLOOKUP(D22,Hoja2!A19:Q44,17,FALSE) -> 7204.3774
... D28: 213 | E28: Gonzalez Valentina | F28: 45789 | G28: Lucero San Telmo 2 | I28: =VLOOKUP(D28,Hoja2!A25:Q50,17,FALSE) -> 7105.594

Sheet Hoja2
A1: Legajo | B1: Apellido y Nombre | C1: Periodo | D1: Tienda asignada este mes | E1: Horas Totales | F1: Hs Normales (con vacaciones y feriados NO trabajados) | G1: Hs Feriados | H1: Feriados No trabajados | I1: Licencias justificados (en HORAS) | J1: Plus vacacional | K1: Vacaciones | L1: Premios | M1: Sueldo Bruto | N1: Sueldo Neto | O1: Contribuciones + ART | P1: Costo total | Q1: Valor hora
A2: 55 | B2: Carrizo Camila | C2: 44414 | D2: AS San Telmo | E2: 132 | F2: 126 | G2: 6 | H2: 1 | J2: NO | L2: 17916 | M2: 942309.32 | N2: 745721 | O2: 48057.78 | P2: 990367.1 | Q2: =P2/E2 -> 7502.7811
A3: 103 | B3: Esposito Candela | C3: 44854 | D3: Lucero San Telmo | E3: 132 | F3: 123 | G3: 5 | H3: 1 | I3: 4.00 | J3: NO | L3: 32828 | M3: 944530.32 | N3: 747302 | O3: 48171.05 | P3: 992701.37 | Q3: =P3/E3 -> 7520.4649
A4: 120 | B4: Bertolo Milagros | C4: 45020 | D4: Lucero French | E4: 124 | F4: 120 | G4: 4 | H4: 1 | J4: NO | L4: 27138 | M4: 880081.31 | N4: 696487 | O4: 44884.15 | P4: 924965.46 | Q4: =P4/E4 -> 7459.3989
A5: 126 | B5: Barajas Barbara | C5: 45057 | D5: Lucero Recoleta | E5: 126 | F5: 122 | G5: 4 | H5: 1 | J5: NO | L5: 27576 | M5: 893818.36 | N5: 707350 | O5: 45584.74 | P5: 939403.1 | Q5: =P5/E5 -> 7455.5802
A6: 131 | B6: De Brito Rocio | C6: 45085 | D6: Lucero Güemes | E6: 130 | F6: 130 | H6: 2 | J6: NO | L6: 9245 | M6: 874289.91 | N6: 692511 | O6: 44588.79 | P6: 918878.7 | Q6: =P6/E6 -> 7068.2977
A7: 138 | B7: Lara Robbio | C7: 45139 | D7: Lucero San Telmo | E7: 123 | F7: 114 | G7: 5 | H7: 1 | I7: 4.00 | J7: NO | L7: 30520 | M7: 873735.31 | N7: 691330 | O7: 44560.5 | P7: 918295.81 | Q7: =P7/E7 -> 7465.8196
A8: 139 | B8: Viña Sofia | C8: 45139 | D8: Lucero Florida | E8: 127 | F8: 123 | G8: 4 | H8: 1 | J8: NO | L8: 35034 | M8: 899820.28 | N8: 711975 | O8: 45890.83 | P8: 945711.11 | Q8: =P8/E8 -> 7446.5442
A9: 143 | B9: Molina Agustina | C9: 45184 | D9: AS San Telmo | E9: 124 | F9: 118 | G9: 6 | H9: 1 | J9: NO | L9: 16830 | M9: 870417.52 | N9: 688866 | O9: 44391.29 | P9: 914808.81 | Q9: =P9/E9 -> 7377.4904
A10: 151 | B10: Kiara Corbalan | C10: 45201 | D10: AS San Telmo | E10: 124 | F10: 118 | G10: 6 | H10: 1 | J10: NO | L10: 16830 | M10: 870417.52 | N10: 688866 | O10: 44391.29 | P10: 914808.81 | Q10: =P10/E10 -> 7377.4904
A11: 161 | B11: Martínez Brisa | C11: 45272 | D11: AS San Telmo | E11: 124 | F11: 118 | G11: 6 | H11: 1 | J11: NO | L11: 16830 | M11: 870417.52 | N11: 688866 | O11: 44391.29 | P11: 914808.81 | Q11: =P11/E11 -> 7377.4904
A12: 165 | B12: CORONEL Mailen | C12: 45311 | D12: Lucero Güemes | E12: 128 | F12: 120 | H12: 2 | I12: 8.00 | J12: NO | L12: 11605 | M12: 863748.83 | N12: 684127 | O12: 44051.19 | P12: 907800.02 | Q12: =P12/E12 -> 7092.1877
A13: 170 | B13: Ruiz de la Torre Maitena | C13: 45345 | D13: Lucero Florida | E13: 125 | F13: 108 | G13: 5 | H13: 1 | I13: 12.00 | J13: NO | L13: 31172 | M13: 887570.87 | N13: 702267 | O13: 45266.11 | P13: 932836.98 | Q13: =P13/E13 -> 7462.6958
A14: 171 | B14: Gimenez Candela | C14: 45771 | D14: Lucero Recoleta | E14: 120 | F14: 112 | G14: 4 | H14: 1 | I14: 4.00 | J14: NO | L14: 25388 | M14: 843335.45 | N14: 667448 | O14: 43010.11 | P14: 886345.56 | Q14: =P14/E14 -> 7386.213
A15: 173 | B15: Imperiale Candela | C15: 45447 | D15: Lucero Florida | E15: 132 | F15: 126 | G15: 6 | H15: 1 | J15: NO | L15: 36413 | M15: 935028.96 | N15: 739658 | O15: 47686.48 | P15: 982715.44 | Q15: =P15/E15 -> 7444.8139
A16: 174 | B16: Machuca Araceli | C16: 45477 | D16: Lucero French | E16: 120 | F16: 110 | G16: 6 | H16: 1 | I16: 4.00 | J16: NO | L16: 25388 | M16: 845127.07 | N16: 668709 | O16: 43101.48 | P16: 888228.55 | Q16: =P16/E16 -> 7401.9046
A17: 184 | B17: Villarruel Candela | C17: 45569 | D17: AS San Telmo | E17: 88 | H17: 2 | J17: NO | L17: 0 | M17: 582807.02 | N17: 462011 | O17: 29723.16 | P17: 612530.18 | Q17: =P17/E17 -> 6960.5702
A18: 186 | B18: Balmaceda Luciana | C18: 45587 | D18: Lucero Florida | E18: 125 | F18: 120 | G18: 5 | H18: 1 | J18: NO | L18: 34482 | M18: 882412.97 | N18: 698137 | O18: 45003.06 | P18: 927416.03 | Q18: =P18/E18 -> 7419.3282
A19: 189 | B19: Oliva Micaela | C19: 45597 | D19: Lucero Recoleta | E19: 125 | F19: 121 | G19: 4 | H19: 1 | J19: NO | L19: 28383 | M19: 870756.32 | N19: 689103 | O19: 44408.57 | P19: 915164.89 | Q19: =P19/E19 -> 7321.3191
A20: 190 | B20: Mohamad Daila | C20: 45597 | D20: Lucero San Telmo 2 | E20: 132 | F20: 127 | G20: 5 | H20: 1 | J20: NO | L20: 13198 | M20: 904831.42 | N20: 716255 | O20: 46146.4 | P20: 950977.82 | Q20: =P20/E20 -> 7204.3774
A21: 192 | B21: Sarapura Rebecca | C21: 45597 | D21: Lucero San Telmo | E21: 122 | F21: 101 | G21: 5 | H21: 1 | I21: 16.00 | J21: NO | L21: 27186 | M21: 855019.22 | N21: 676588 | O21: 43605.98 | P21: 898625.2 | Q21: =P21/E21 -> 7365.7803
A22: 194 | B22: Scholler Chavez Ruth | C22: 45639 | D22: Lucero French | E22: 120 | F22: 114 | G22: 6 | H22: 1 | J22: NO | L22: 26263 | M22: 846075.35 | N22: 669444 | O22: 43149.84 | P22: 889225.19 | Q22: =P22/E22 -> 7410.2099
A23: 205 | B23: Florencia Aguero | C23: 45713 | D23: Lucero San Telmo 2 | E23: 58 | F23: 58 | J23: NO | L23: 0 | M23: 681305.96 | N23: 560658 | O23: 34746.6 | P23: 716052.56 | Q23: =P23/E23 -> 12345.734
A24: 206 | B24: Morena Martinez | C24: 45713 | D24: Lucero San Telmo | E24: 124 | F24: 119 | G24: 5 | H24: 1 | J24: NO | L24: 4518 | M24: 843456.02 | N24: 667839 | O24: 43016.26 | P24: 886472.28 | Q24: =P24/E24 -> 7148.97
A25: 210 | B25: Dettoni Leguizamon Oriana | C25: 45759 | D25: Lucero Florida | E25: 126 | F25: 120 | G25: 6 | H25: 1 | J25: NO | L25: 0 | M25: 856603.76 | N25: 678241 | O25: 43686.79 | P25: 900290.55 | Q25: =P25/E25 -> 7145.1631
A26: 213 | B26: Gonzalez Valentina | C26: 45789 | D26: Lucero San Telmo 2 | E26: 93 | F26: 89 | G26: 4 | H26: 1 | J26: NO | L26: 0 | M26: 628753.8 | N26: 498151 | O26: 32066.44 | P26: 660820.24 | Q26: =P26/E26 -> 7105.594
A27: TOTAL | N27: 19938037 | Q27: =P27/E27 -> #DIV/0!
A29: VENDEDOR B - tarifa standard
C30: Vendedor B - S Neto | D30: Vendedor B - S Bruto | E30: Contribuciones + ART | F30: COSTO TOTAL
A31: 500 | B31: VENDEDORA B 88 HS | C31: 447020.00 | D31: 562,846.63 | E31: 209,556.25 | F31: 772,402.89
A32: 501 | B32: VENDEDORA B 132 HS | C32: 668339.00 | D32: 842,078.95 | E32: 312,872.21 | F32: 1,154,951.16
B34: Dif plus vacacional 88hs | C34: 41721.87
B35: Dif plus vacacional 132 Hs | C35: 62378.31
