Workbook

Sheet Resumen zona
A1: NOVIEMBRE 2025
A3: HORAS POR VENDEDORA Y TIENDA | K3: HORAS TOTALES POR TIENDA (normales y feriados trabajados)
A4: Vendedoras | B4: Hora normales | E4: Feriados trabajados | H4: Horas totales trabajadas | I4: Feriados no trabajados | K4: Tienda | L4: Total horas | M4: Máximo
B5: Florida | C5: Güemes | D5: Recoleta | E5: Florida | F5: Güemes | G5: Recoleta | K5: Florida | L5: =SUM(B6:B16)+SUM(E6:E16) -> 535 | M5: 600
A6: Sofía | B6: =SUMPRODUCT((TablaFloridaNov[Vendedora 1]=A6)+(TablaFloridaNov[Vendedora 2]=A6)+(TablaFloridaNov[Vendedora 3]=A6),--(TablaFloridaNov[Día]<>$K$11)) -> 0 | C6: =SUMPRODUCT((TablaGuemesNov[Vendedora 1]=A6)+(TablaGuemesNov[Vendedora 2]=A6)+(TablaGuemesNov[Vendedora 3]=A6),--(TablaGuemesNov[Día]<>$K$11)) -> 143 | D6: =SUMPRODUCT((TablaRecoletaNov[Vendedora 1]=A6)+(TablaRecoletaNov[Vendedora 2]=A6)+(TablaRecoletaNov[Vendedora 3]=A6),--(TablaRecoletaNov[Día]<>$K$11)) -> 0 | E6: =SUMPRODUCT((TablaFloridaNov[Vendedora 1]=A6)+(TablaFloridaNov[Vendedora 2]=A6)+(TablaFloridaNov[Vendedora 3]=A6),--(TablaFloridaNov[Día]=$K$11)) -> 0 | F6: =SUMPRODUCT((TablaGuemesNov[Vendedora 1]=A6)+(TablaGuemesNov[Vendedora 2]=A6)+(TablaGuemesNov[Vendedora 3]=A6),--(TablaGuemesNov[Día]=$K$11)) -> 9 | G6: =SUMPRODUCT((TablaRecoletaNov[Vendedora 1]=A6)+(TablaRecoletaNov[Vendedora 2]=A6)+(TablaRecoletaNov[Vendedora 3]=A6),--(TablaRecoletaNov[Día]=$K$11)) -> 0 | H6: =SUM(B6:G6) -> 152 | K6: Güemes | L6: =SUM(C6:C16)+SUM(F6:F16) -> 152 | M6: 300
A7: Giselle | B7: =SUMPRODUCT((TablaFloridaNov[Vendedora 1]=A7)+(TablaFloridaNov[Vendedora 2]=A7)+(TablaFloridaNov[Vendedora 3]=A7),--(TablaFloridaNov[Día]<>$K$11)) -> 0 | C7: =SUMPRODUCT((TablaGuemesNov[Vendedora 1]=A7)+(TablaGuemesNov[Vendedora 2]=A7)+(TablaGuemesNov[Vendedora 3]=A7),--(TablaGuemesNov[Día]<>$K$11)) -> 0 | D7: =SUMPRODUCT((TablaRecoletaNov[Vendedora 1]=A7)+(TablaRecoletaNov[Vendedora 2]=A7)+(TablaRecoletaNov[Vendedora 3]=A7),--(TablaRecoletaNov[Día]<>$K$11)) -> 0 | E7: =SUMPRODUCT((TablaFloridaNov[Vendedora 1]=A7)+(TablaFloridaNov[Vendedora 2]=A7)+(TablaFloridaNov[Vendedora 3]=A7),--(TablaFloridaNov[Día]=$K$11)) -> 0 | F7: =SUMPRODUCT((TablaGuemesNov[Vendedora 1]=A7)+(TablaGuemesNov[Vendedora 2]=A7)+(TablaGuemesNov[Vendedora 3]=A7),--(TablaGuemesNov[Día]=$K$11)) -> 0 | G7: =SUMPRODUCT((TablaRecoletaNov[Vendedora 1]=A7)+(TablaRecoletaNov[Vendedora 2]=A7)+(TablaRecoletaNov[Vendedora 3]=A7),--(TablaRecoletaNov[Día]=$K$11)) -> 0 | H7: =SUM(B7:G7) -> 0 | K7: Recoleta | L7: =SUM(D6:D16)+SUM(G6:G16) -> 157 | M7: 450
A8: Maitena | B8: =SUMPRODUCT((TablaFloridaNov[Vendedora 1]=A8)+(TablaFloridaNov[Vendedora 2]=A8)+(TablaFloridaNov[Vendedora 3]=A8),--(TablaFloridaNov[Día]<>$K$11)) -> 493 | C8: =SUMPRODUCT((TablaGuemesNov[Vendedora 1]=A8)+(TablaGuemesNov[Vendedora 2]=A8)+(TablaGuemesNov[Vendedora 3]=A8),--(TablaGuemesNov[Día]<>$K$11)) -> 0 | D8: =SUMPRODUCT((TablaRecoletaNov[Vendedora 1]=A8)+(TablaRecoletaNov[Vendedora 2]=A8)+(TablaRecoletaNov[Vendedora 3]=A8),--(TablaRecoletaNov[Día]<>$K$11)) -> 11 | E8: =SUMPRODUCT((TablaFloridaNov[Vendedora 1]=A8)+(TablaFloridaNov[Vendedora 2]=A8)+(TablaFloridaNov[Vendedora 3]=A8),--(TablaFloridaNov[Día]=$K$11)) -> 8 | F8: =SUMPRODUCT((TablaGuemesNov[Vendedora 1]=A8)+(TablaGuemesNov[Vendedora 2]=A8)+(TablaGuemesNov[Vendedora 3]=A8),--(TablaGuemesNov[Día]=$K$11)) -> 0 | G8: =SUMPRODUCT((TablaRecoletaNov[Vendedora 1]=A8)+(TablaRecoletaNov[Vendedora 2]=A8)+(TablaRecoletaNov[Vendedora 3]=A8),--(TablaRecoletaNov[Día]=$K$11)) -> 0 | H8: =SUM(B8:G8) -> 512
A9: Candela I. | B9: =SUMPRODUCT((TablaFloridaNov[Vendedora 1]=A9)+(TablaFloridaNov[Vendedora 2]=A9)+(TablaFloridaNov[Vendedora 3]=A9),--(TablaFloridaNov[Día]<>$K$11)) -> 12 | C9: =SUMPRODUCT((TablaGuemesNov[Vendedora 1]=A9)+(TablaGuemesNov[Vendedora 2]=A9)+(TablaGuemesNov[Vendedora 3]=A9),--(TablaGuemesNov[Día]<>$K$11)) -> 0 | D9: =SUMPRODUCT((TablaRecoletaNov[Vendedora 1]=A9)+(TablaRecoletaNov[Vendedora 2]=A9)+(TablaRecoletaNov[Vendedora 3]=A9),--(TablaRecoletaNov[Día]<>$K$11)) -> 0 | E9: =SUMPRODUCT((TablaFloridaNov[Vendedora 1]=A9)+(TablaFloridaNov[Vendedora 2]=A9)+(TablaFloridaNov[Vendedora 3]=A9),--(TablaFloridaNov[Día]=$K$11)) -> 0 | F9: =SUMPRODUCT((TablaGuemesNov[Vendedora 1]=A9)+(TablaGuemesNov[Vendedora 2]=A9)+(TablaGuemesNov[Vendedora 3]=A9),--(TablaGuemesNov[Día]=$K$11)) -> 0 | G9: =SUMPRODUCT((TablaRecoletaNov[Vendedora 1]=A9)+(TablaRecoletaNov[Vendedora 2]=A9)+(TablaRecoletaNov[Vendedora 3]=A9),--(TablaRecoletaNov[Día]=$K$11)) -> 0 | H9: =SUM(B9:G9) -> 12
A10: Luciana | B10: =SUMPRODUCT((TablaFloridaNov[Vendedora 1]=A10)+(TablaFloridaNov[Vendedora 2]=A10)+(TablaFloridaNov[Vendedora 3]=A10),--(TablaFloridaNov[Día]<>$K$11)) -> 0 | C10: =SUMPRODUCT((TablaGuemesNov[Vendedora 1]=A10)+(TablaGuemesNov[Vendedora 2]=A10)+(TablaGuemesNov[Vendedora 3]=A10),--(TablaGuemesNov[Día]<>$K$11)) -> 0 | D10: =SUMPRODUCT((TablaRecoletaNov[Vendedora 1]=A10)+(TablaRecoletaNov[Vendedora 2]=A10)+(TablaRecoletaNov[Vendedora 3]=A10),--(TablaRecoletaNov[Día]<>$K$11)) -> 0 | E10: =SUMPRODUCT((TablaFloridaNov[Vendedora 1]=A10)+(TablaFloridaNov[Vendedora 2]=A10)+(TablaFloridaNov[Vendedora 3]=A10),--(TablaFloridaNov[Día]=$K$11)) -> 0 | F10: =SUMPRODUCT((TablaGuemesNov[Vendedora 1]=A10)+(TablaGuemesNov[Vendedora 2]=A10)+(TablaGuemesNov[Vendedora 3]=A10),--(TablaGuemesNov[Día]=$K$11)) -> 0 | G10: =SUMPRODUCT((TablaRecoletaNov[Vendedora 1]=A10)+(TablaRecoletaNov[Vendedora 2]=A10)+(TablaRecoletaNov[Vendedora 3]=A10),--(TablaRecoletaNov[Día]=$K$11)) -> 0 | H10: =SUM(B10:G10) -> 0 | K10: FERIADOS
A11: Bárbara | B11: =SUMPRODUCT((TablaFloridaNov[Vendedora 1]=A11)+(TablaFloridaNov[Vendedora 2]=A11)+(TablaFloridaNov[Vendedora 3]=A11),--(TablaFloridaNov[Día]<>$K$11)) -> 0 | C11: =SUMPRODUCT((TablaGuemesNov[Vendedora 1]=A11)+(TablaGuemesNov[Vendedora 2]=A11)+(TablaGuemesNov[Vendedora 3]=A11),--(TablaGuemesNov[Día]<>$K$11)) -> 0 | D11: =SUMPRODUCT((TablaRecoletaNov[Vendedora 1]=A11)+(TablaRecoletaNov[Vendedora 2]=A11)+(TablaRecoletaNov[Vendedora 3]=A11),--(TablaRecoletaNov[Día]<>$K$11)) -> 0 | E11: =SUMPRODUCT((TablaFloridaNov[Vendedora 1]=A11)+(TablaFloridaNov[Vendedora 2]=A11)+(TablaFloridaNov[Vendedora 3]=A11),--(TablaFloridaNov[Día]=$K$11)) -> 0 | F11: =SUMPRODUCT((TablaGuemesNov[Vendedora 1]=A11)+(TablaGuemesNov[Vendedora 2]=A11)+(TablaGuemesNov[Vendedora 3]=A11),--(TablaGuemesNov[Día]=$K$11)) -> 0 | G11: =SUMPRODUCT((TablaRecoletaNov[Vendedora 1]=A11)+(TablaRecoletaNov[Vendedora 2]=A11)+(TablaRecoletaNov[Vendedora 3]=A11),--(TablaRecoletaNov[Día]=$K$11)) -> 0 | H11: =SUM(B11:G11) -> 0 | K11: 45985
A12: Rocío | B12: =SUMPRODUCT((TablaFloridaNov[Vendedora 1]=A12)+(TablaFloridaNov[Vendedora 2]=A12)+(TablaFloridaNov[Vendedora 3]=A12),--(TablaFloridaNov[Día]<>$K$11)) -> 5 | C12: =SUMPRODUCT((TablaGuemesNov[Vendedora 1]=A12)+(TablaGuemesNov[Vendedora 2]=A12)+(TablaGuemesNov[Vendedora 3]=A12),--(TablaGuemesNov[Día]<>$K$11)) -> 0 | D12: =SUMPRODUCT((TablaRecoletaNov[Vendedora 1]=A12)+(TablaRecoletaNov[Vendedora 2]=A12)+(TablaRecoletaNov[Vendedora 3]=A12),--(TablaRecoletaNov[Día]<>$K$11)) -> 63 | E12: =SUMPRODUCT((TablaFloridaNov[Vendedora 1]=A12)+(TablaFloridaNov[Vendedora 2]=A12)+(TablaFloridaNov[Vendedora 3]=A12),--(TablaFloridaNov[Día]=$K$11)) -> 0 | F12: =SUMPRODUCT((TablaGuemesNov[Vendedora 1]=A12)+(TablaGuemesNov[Vendedora 2]=A12)+(TablaGuemesNov[Vendedora 3]=A12),--(TablaGuemesNov[Día]=$K$11)) -> 0 | G12: =SUMPRODUCT((TablaRecoletaNov[Vendedora 1]=A12)+(TablaRecoletaNov[Vendedora 2]=A12)+(TablaRecoletaNov[Vendedora 3]=A12),--(TablaRecoletaNov[Día]=$K$11)) -> 11 | H12: =SUM(B12:G12) -> 79
A13: Mailén | B13: =SUMPRODUCT((TablaFloridaNov[Vendedora 1]=A13)+(TablaFloridaNov[Vendedora 2]=A13)+(TablaFloridaNov[Vendedora 3]=A13),--(TablaFloridaNov[Día]<>$K$11)) -> 12 | C13: =SUMPRODUCT((TablaGuemesNov[Vendedora 1]=A13)+(TablaGuemesNov[Vendedora 2]=A13)+(TablaGuemesNov[Vendedora 3]=A13),--(TablaGuemesNov[Día]<>$K$11)) -> 0 | D13: =SUMPRODUCT((TablaRecoletaNov[Vendedora 1]=A13)+(TablaRecoletaNov[Vendedora 2]=A13)+(TablaRecoletaNov[Vendedora 3]=A13),--(TablaRecoletaNov[Día]<>$K$11)) -> 0 | E13: =SUMPRODUCT((TablaFloridaNov[Vendedora 1]=A13)+(TablaFloridaNov[Vendedora 2]=A13)+(TablaFloridaNov[Vendedora 3]=A13),--(TablaFloridaNov[Día]=$K$11)) -> 0 | F13: =SUMPRODUCT((TablaGuemesNov[Vendedora 1]=A13)+(TablaGuemesNov[Vendedora 2]=A13)+(TablaGuemesNov[Vendedora 3]=A13),--(TablaGuemesNov[Día]=$K$11)) -> 0 | G13: =SUMPRODUCT((TablaRecoletaNov[Vendedora 1]=A13)+(TablaRecoletaNov[Vendedora 2]=A13)+(TablaRecoletaNov[Vendedora 3]=A13),--(TablaRecoletaNov[Día]=$K$11)) -> 0 | H13: =SUM(B13:G13) -> 12
A14: Candela G. | B14: =SUMPRODUCT((TablaFloridaNov[Vendedora 1]=A14)+(TablaFloridaNov[Vendedora 2]=A14)+(TablaFloridaNov[Vendedora 3]=A14),--(TablaFloridaNov[Día]<>$K$11)) -> 0 | C14: =SUMPRODUCT((TablaGuemesNov[Vendedora 1]=A14)+(TablaGuemesNov[Vendedora 2]=A14)+(TablaGuemesNov[Vendedora 3]=A14),--(TablaGuemesNov[Día]<>$K$11)) -> 0 | D14: =SUMPRODUCT((TablaRecoletaNov[Vendedora 1]=A14)+(TablaRecoletaNov[Vendedora 2]=A14)+(TablaRecoletaNov[Vendedora 3]=A14),--(TablaRecoletaNov[Día]<>$K$11)) -> 0 | E14: =SUMPRODUCT((TablaFloridaNov[Vendedora 1]=A14)+(TablaFloridaNov[Vendedora 2]=A14)+(TablaFloridaNov[Vendedora 3]=A14),--(TablaFloridaNov[Día]=$K$11)) -> 0 | F14: =SUMPRODUCT((TablaGuemesNov[Vendedora 1]=A14)+(TablaGuemesNov[Vendedora 2]=A14)+(TablaGuemesNov[Vendedora 3]=A14),--(TablaGuemesNov[Día]=$K$11)) -> 0 | G14: =SUMPRODUCT((TablaRecoletaNov[Vendedora 1]=A14)+(TablaRecoletaNov[Vendedora 2]=A14)+(TablaRecoletaNov[Vendedora 3]=A14),--(TablaRecoletaNov[Día]=$K$11)) -> 0 | H14: =SUM(B14:G14) -> 0
A15: Micaela | B15: =SUMPRODUCT((TablaFloridaNov[Vendedora 1]=A15)+(TablaFloridaNov[Vendedora 2]=A15)+(TablaFloridaNov[Vendedora 3]=A15),--(TablaFloridaNov[Día]<>$K$11)) -> 0 | C15: =SUMPRODUCT((TablaGuemesNov[Vendedora 1]=A15)+(TablaGuemesNov[Vendedora 2]=A15)+(TablaGuemesNov[Vendedora 3]=A15),--(TablaGuemesNov[Día]<>$K$11)) -> 0 | D15: =SUMPRODUCT((TablaRecoletaNov[Vendedora 1]=A15)+(TablaRecoletaNov[Vendedora 2]=A15)+(TablaRecoletaNov[Vendedora 3]=A15),--(TablaRecoletaNov[Día]<>$K$11)) -> 72 | E15: =SUMPRODUCT((TablaFloridaNov[Vendedora 1]=A15)+(TablaFloridaNov[Vendedora 2]=A15)+(TablaFloridaNov[Vendedora 3]=A15),--(TablaFloridaNov[Día]=$K$11)) -> 5 | F15: =SUMPRODUCT((TablaGuemesNov[Vendedora 1]=A15)+(TablaGuemesNov[Vendedora 2]=A15)+(TablaGuemesNov[Vendedora 3]=A15),--(TablaGuemesNov[Día]=$K$11)) -> 0 | G15: =SUMPRODUCT((TablaRecoletaNov[Vendedora 1]=A15)+(TablaRecoletaNov[Vendedora 2]=A15)+(TablaRecoletaNov[Vendedora 3]=A15),--(TablaRecoletaNov[Día]=$K$11)) -> 0 | H15: =SUM(B15:G15) -> 77
A16: [Nueva] | B16: =SUMPRODUCT((TablaFloridaNov[Vendedora 1]=A16)+(TablaFloridaNov[Vendedora 2]=A16)+(TablaFloridaNov[Vendedora 3]=A16),--(TablaFloridaNov[Día]<>$K$11)) -> 0 | C16: =SUMPRODUCT((TablaGuemesNov[Vendedora 1]=A16)+(TablaGuemesNov[Vendedora 2]=A16)+(TablaGuemesNov[Vendedora 3]=A16),--(TablaGuemesNov[Día]<>$K$11)) -> 0 | D16: =SUMPRODUCT((TablaRecoletaNov[Vendedora 1]=A16)+(TablaRecoletaNov[Vendedora 2]=A16)+(TablaRecoletaNov[Vendedora 3]=A16),--(TablaRecoletaNov[Día]<>$K$11)) -> 0 | E16: =SUMPRODUCT((TablaFloridaNov[Vendedora 1]=A16)+(TablaFloridaNov[Vendedora 2]=A16)+(TablaFloridaNov[Vendedora 3]=A16),--(TablaFloridaNov[Día]=$K$11)) -> 0 | F16: =SUMPRODUCT((TablaGuemesNov[Vendedora 1]=A16)+(TablaGuemesNov[Vendedora 2]=A16)+(TablaGuemesNov[Vendedora 3]=A16),--(TablaGuemesNov[Día]=$K$11)) -> 0 | G16: =SUMPRODUCT((TablaRecoletaNov[Vendedora 1]=A16)+(TablaRecoletaNov[Vendedora 2]=A16)+(TablaRecoletaNov[Vendedora 3]=A16),--(TablaRecoletaNov[Día]=$K$11)) -> 0 | H16: =SUM(B16:G16) -> 0
A20: DICIEMBRE 2025
A22: HORAS POR VENDEDORA Y TIENDA | K22: HORAS TOTALES POR TIENDA (normales y feriados trabajados)
A23: Vendedoras | B23: Hora normales | E23: Feriados trabajados | H23: Horas totales trabajadas | I23: Feriados no trabajados | K23: Tienda | L23: Total horas | M23: Máximo
B24: Florida | C24: Güemes | D24: Recoleta | E24: Florida | F24: Güemes | G24: Recoleta | K24: Florida | L24: =SUM(B25:B35)+SUM(E25:E35) -> 535 | M24: 600
A25: Sofía | B25: =SUMPRODUCT((TablaFloridaNov[Vendedora 1]=A25)+(TablaFloridaNov[Vendedora 2]=A25)+(TablaFloridaNov[Vendedora 3]=A25),--(TablaFloridaNov[Día]<>$K$11)) -> 0 | C25: =SUMPRODUCT((TablaGuemesNov[Vendedora 1]=A25)+(TablaGuemesNov[Vendedora 2]=A25)+(TablaGuemesNov[Vendedora 3]=A25),--(TablaGuemesNov[Día]<>$K$11)) -> 143 | D25: =SUMPRODUCT((TablaRecoletaNov[Vendedora 1]=A25)+(TablaRecoletaNov[Vendedora 2]=A25)+(TablaRecoletaNov[Vendedora 3]=A25),--(TablaRecoletaNov[Día]<>$K$11)) -> 0 | E25: =SUMPRODUCT((TablaFloridaNov[Vendedora 1]=A25)+(TablaFloridaNov[Vendedora 2]=A25)+(TablaFloridaNov[Vendedora 3]=A25),--(TablaFloridaNov[Día]=$K$11)) -> 0 | F25: =SUMPRODUCT((TablaGuemesNov[Vendedora 1]=A25)+(TablaGuemesNov[Vendedora 2]=A25)+(TablaGuemesNov[Vendedora 3]=A25),--(TablaGuemesNov[Día]=$K$11)) -> 9 | G25: =SUMPRODUCT((TablaRecoletaNov[Vendedora 1]=A25)+(TablaRecoletaNov[Vendedora 2]=A25)+(TablaRecoletaNov[Vendedora 3]=A25),--(TablaRecoletaNov[Día]=$K$11)) -> 0 | H25: =SUM(B25:G25) -> 152 | K25: Güemes | L25: =SUM(C25:C35)+SUM(F25:F35) -> 152 | M25: 300
A26: Giselle | B26: =SUMPRODUCT((TablaFloridaNov[Vendedora 1]=A26)+(TablaFloridaNov[Vendedora 2]=A26)+(TablaFloridaNov[Vendedora 3]=A26),--(TablaFloridaNov[Día]<>$K$11)) -> 0 | C26: =SUMPRODUCT((TablaGuemesNov[Vendedora 1]=A26)+(TablaGuemesNov[Vendedora 2]=A26)+(TablaGuemesNov[Vendedora 3]=A26),--(TablaGuemesNov[Día]<>$K$11)) -> 0 | D26: =SUMPRODUCT((TablaRecoletaNov[Vendedora 1]=A26)+(TablaRecoletaNov[Vendedora 2]=A26)+(TablaRecoletaNov[Vendedora 3]=A26),--(TablaRecoletaNov[Día]<>$K$11)) -> 0 | E26: =SUMPRODUCT((TablaFloridaNov[Vendedora 1]=A26)+(TablaFloridaNov[Vendedora 2]=A26)+(TablaFloridaNov[Vendedora 3]=A26),--(TablaFloridaNov[Día]=$K$11)) -> 0 | F26: =SUMPRODUCT((TablaGuemesNov[Vendedora 1]=A26)+(TablaGuemesNov[Vendedora 2]=A26)+(TablaGuemesNov[Vendedora 3]=A26),--(TablaGuemesNov[Día]=$K$11)) -> 0 | G26: =SUMPRODUCT((TablaRecoletaNov[Vendedora 1]=A26)+(TablaRecoletaNov[Vendedora 2]=A26)+(TablaRecoletaNov[Vendedora 3]=A26),--(TablaRecoletaNov[Día]=$K$11)) -> 0 | H26: =SUM(B26:G26) -> 0 | K26: Recoleta | L26: =SUM(D25:D35)+SUM(G25:G35) -> 157 | M26: 450
A27: Maitena | B27: =SUMPRODUCT((TablaFloridaNov[Vendedora 1]=A27)+(TablaFloridaNov[Vendedora 2]=A27)+(TablaFloridaNov[Vendedora 3]=A27),--(TablaFloridaNov[Día]<>$K$11)) -> 493 | C27: =SUMPRODUCT((TablaGuemesNov[Vendedora 1]=A27)+(TablaGuemesNov[Vendedora 2]=A27)+(TablaGuemesNov[Vendedora 3]=A27),--(TablaGuemesNov[Día]<>$K$11)) -> 0 | D27: =SUMPRODUCT((TablaRecoletaNov[Vendedora 1]=A27)+(TablaRecoletaNov[Vendedora 2]=A27)+(TablaRecoletaNov[Vendedora 3]=A27),--(TablaRecoletaNov[Día]<>$K$11)) -> 11 | E27: =SUMPRODUCT((TablaFloridaNov[Vendedora 1]=A27)+(TablaFloridaNov[Vendedora 2]=A27)+(TablaFloridaNov[Vendedora 3]=A27),--(TablaFloridaNov[Día]=$K$11)) -> 8 | F27: =SUMPRODUCT((TablaGuemesNov[Vendedora 1]=A27)+(TablaGuemesNov[Vendedora 2]=A27)+(TablaGuemesNov[Vendedora 3]=A27),--(TablaGuemesNov[Día]=$K$11)) -> 0 | G27: =SUMPRODUCT((TablaRecoletaNov[Vendedora 1]=A27)+(TablaRecoletaNov[Vendedora 2]=A27)+(TablaRecoletaNov[Vendedora 3]=A27),--(TablaRecoletaNov[Día]=$K$11)) -> 0 | H27: =SUM(B27:G27) -> 512
A28: Candela I. | B28: =SUMPRODUCT((TablaFloridaNov[Vendedora 1]=A28)+(TablaFloridaNov[Vendedora 2]=A28)+(TablaFloridaNov[Vendedora 3]=A28),--(TablaFloridaNov[Día]<>$K$11)) -> 12 | C28: =SUMPRODUCT((TablaGuemesNov[Vendedora 1]=A28)+(TablaGuemesNov[Vendedora 2]=A28)+(TablaGuemesNov[Vendedora 3]=A28),--(TablaGuemesNov[Día]<>$K$11)) -> 0 | D28: =SUMPRODUCT((TablaRecoletaNov[Vendedora 1]=A28)+(TablaRecoletaNov[Vendedora 2]=A28)+(TablaRecoletaNov[Vendedora 3]=A28),--(TablaRecoletaNov[Día]<>$K$11)) -> 0 | E28: =SUMPRODUCT((TablaFloridaNov[Vendedora 1]=A28)+(TablaFloridaNov[Vendedora 2]=A28)+(TablaFloridaNov[Vendedora 3]=A28),--(TablaFloridaNov[Día]=$K$11)) -> 0 | F28: =SUMPRODUCT((TablaGuemesNov[Vendedora 1]=A28)+(TablaGuemesNov[Vendedora 2]=A28)+(TablaGuemesNov[Vendedora 3]=A28),--(TablaGuemesNov[Día]=$K$11)) -> 0 | G28: =SUMPRODUCT((TablaRecoletaNov[Vendedora 1]=A28)+(TablaRecoletaNov[Vendedora 2]=A28)+(TablaRecoletaNov[Vendedora 3]=A28),--(TablaRecoletaNov[Día]=$K$11)) -> 0 | H28: =SUM(B28:G28) -> 12
A29: Luciana | B29: =SUMPRODUCT((TablaFloridaNov[Vendedora 1]=A29)+(TablaFloridaNov[Vendedora 2]=A29)+(TablaFloridaNov[Vendedora 3]=A29),--(TablaFloridaNov[Día]<>$K$11)) -> 0 | C29: =SUMPRODUCT((TablaGuemesNov[Vendedora 1]=A29)+(TablaGuemesNov[Vendedora 2]=A29)+(TablaGuemesNov[Vendedora 3]=A29),--(TablaGuemesNov[Día]<>$K$11)) -> 0 | D29: =SUMPRODUCT((TablaRecoletaNov[Vendedora 1]=A29)+(TablaRecoletaNov[Vendedora 2]=A29)+(TablaRecoletaNov[Vendedora 3]=A29),--(TablaRecoletaNov[Día]<>$K$11)) -> 0 | E29: =SUMPRODUCT((TablaFloridaNov[Vendedora 1]=A29)+(TablaFloridaNov[Vendedora 2]=A29)+(TablaFloridaNov[Vendedora 3]=A29),--(TablaFloridaNov[Día]=$K$11)) -> 0 | F29: =SUMPRODUCT((TablaGuemesNov[Vendedora 1]=A29)+(TablaGuemesNov[Vendedora 2]=A29)+(TablaGuemesNov[Vendedora 3]=A29),--(TablaGuemesNov[Día]=$K$11)) -> 0 | G29: =SUMPRODUCT((TablaRecoletaNov[Vendedora 1]=A29)+(TablaRecoletaNov[Vendedora 2]=A29)+(TablaRecoletaNov[Vendedora 3]=A29),--(TablaRecoletaNov[Día]=$K$11)) -> 0 | H29: =SUM(B29:G29) -> 0 | K29: FERIADOS
A30: Bárbara | B30: =SUMPRODUCT((TablaFloridaNov[Vendedora 1]=A30)+(TablaFloridaNov[Vendedora 2]=A30)+(TablaFloridaNov[Vendedora 3]=A30),--(TablaFloridaNov[Día]<>$K$11)) -> 0 | C30: =SUMPRODUCT((TablaGuemesNov[Vendedora 1]=A30)+(TablaGuemesNov[Vendedora 2]=A30)+(TablaGuemesNov[Vendedora 3]=A30),--(TablaGuemesNov[Día]<>$K$11)) -> 0 | D30: =SUMPRODUCT((TablaRecoletaNov[Vendedora 1]=A30)+(TablaRecoletaNov[Vendedora 2]=A30)+(TablaRecoletaNov[Vendedora 3]=A30),--(TablaRecoletaNov[Día]<>$K$11)) -> 0 | E30: =SUMPRODUCT((TablaFloridaNov[Vendedora 1]=A30)+(TablaFloridaNov[Vendedora 2]=A30)+(TablaFloridaNov[Vendedora 3]=A30),--(TablaFloridaNov[Día]=$K$11)) -> 0 | F30: =SUMPRODUCT((TablaGuemesNov[Vendedora 1]=A30)+(TablaGuemesNov[Vendedora 2]=A30)+(TablaGuemesNov[Vendedora 3]=A30),--(TablaGuemesNov[Día]=$K$11)) -> 0 | G30: =SUMPRODUCT((TablaRecoletaNov[Vendedora 1]=A30)+(TablaRecoletaNov[Vendedora 2]=A30)+(TablaRecoletaNov[Vendedora 3]=A30),--(TablaRecoletaNov[Día]=$K$11)) -> 0 | H30: =SUM(B30:G30) -> 0 | K30: 45999
A31: Rocío | B31: =SUMPRODUCT((TablaFloridaNov[Vendedora 1]=A31)+(TablaFloridaNov[Vendedora 2]=A31)+(TablaFloridaNov[Vendedora 3]=A31),--(TablaFloridaNov[Día]<>$K$11)) -> 5 | C31: =SUMPRODUCT((TablaGuemesNov[Vendedora 1]=A31)+(TablaGuemesNov[Vendedora 2]=A31)+(TablaGuemesNov[Vendedora 3]=A31),--(TablaGuemesNov[Día]<>$K$11)) -> 0 | D31: =SUMPRODUCT((TablaRecoletaNov[Vendedora 1]=A31)+(TablaRecoletaNov[Vendedora 2]=A31)+(TablaRecoletaNov[Vendedora 3]=A31),--(TablaRecoletaNov[Día]<>$K$11)) -> 63 | E31: =SUMPRODUCT((TablaFloridaNov[Vendedora 1]=A31)+(TablaFloridaNov[Vendedora 2]=A31)+(TablaFloridaNov[Vendedora 3]=A31),--(TablaFloridaNov[Día]=$K$11)) -> 0 | F31: =SUMPRODUCT((TablaGuemesNov[Vendedora 1]=A31)+(TablaGuemesNov[Vendedora 2]=A31)+(TablaGuemesNov[Vendedora 3]=A31),--(TablaGuemesNov[Día]=$K$11)) -> 0 | G31: =SUMPRODUCT((TablaRecoletaNov[Vendedora 1]=A31)+(TablaRecoletaNov[Vendedora 2]=A31)+(TablaRecoletaNov[Vendedora 3]=A31),--(TablaRecoletaNov[Día]=$K$11)) -> 11 | H31: =SUM(B31:G31) -> 79
A32: Mailén | B32: =SUMPRODUCT((TablaFloridaNov[Vendedora 1]=A32)+(TablaFloridaNov[Vendedora 2]=A32)+(TablaFloridaNov[Vendedora 3]=A32),--(TablaFloridaNov[Día]<>$K$11)) -> 12 | C32: =SUMPRODUCT((TablaGuemesNov[Vendedora 1]=A32)+(TablaGuemesNov[Vendedora 2]=A32)+(TablaGuemesNov[Vendedora 3]=A32),--(TablaGuemesNov[Día]<>$K$11)) -> 0 | D32: =SUMPRODUCT((TablaRecoletaNov[Vendedora 1]=A32)+(TablaRecoletaNov[Vendedora 2]=A32)+(TablaRecoletaNov[Vendedora 3]=A32),--(TablaRecoletaNov[Día]<>$K$11)) -> 0 | E32: =SUMPRODUCT((TablaFloridaNov[Vendedora 1]=A32)+(TablaFloridaNov[Vendedora 2]=A32)+(TablaFloridaNov[Vendedora 3]=A32),--(TablaFloridaNov[Día]=$K$11)) -> 0 | F32: =SUMPRODUCT((TablaGuemesNov[Vendedora 1]=A32)+(TablaGuemesNov[Vendedora 2]=A32)+(TablaGuemesNov[Vendedora 3]=A32),--(TablaGuemesNov[Día]=$K$11)) -> 0 | G32: =SUMPRODUCT((TablaRecoletaNov[Vendedora 1]=A32)+(TablaRecoletaNov[Vendedora 2]=A32)+(TablaRecoletaNov[Vendedora 3]=A32),--(TablaRecoletaNov[Día]=$K$11)) -> 0 | H32: =SUM(B32:G32) -> 12
A33: Candela G. | B33: =SUMPRODUCT((TablaFloridaNov[Vendedora 1]=A33)+(TablaFloridaNov[Vendedora 2]=A33)+(TablaFloridaNov[Vendedora 3]=A33),--(TablaFloridaNov[Día]<>$K$11)) -> 0 | C33: =SUMPRODUCT((TablaGuemesNov[Vendedora 1]=A33)+(TablaGuemesNov[Vendedora 2]=A33)+(TablaGuemesNov[Vendedora 3]=A33),--(TablaGuemesNov[Día]<>$K$11)) -> 0 | D33: =SUMPRODUCT((TablaRecoletaNov[Vendedora 1]=A33)+(TablaRecoletaNov[Vendedora 2]=A33)+(TablaRecoletaNov[Vendedora 3]=A33),--(TablaRecoletaNov[Día]<>$K$11)) -> 0 | E33: =SUMPRODUCT((TablaFloridaNov[Vendedora 1]=A33)+(TablaFloridaNov[Vendedora 2]=A33)+(TablaFloridaNov[Vendedora 3]=A33),--(TablaFloridaNov[Día]=$K$11)) -> 0 | F33: =SUMPRODUCT((TablaGuemesNov[Vendedora 1]=A33)+(TablaGuemesNov[Vendedora 2]=A33)+(TablaGuemesNov[Vendedora 3]=A33),--(TablaGuemesNov[Día]=$K$11)) -> 0 | G33: =SUMPRODUCT((TablaRecoletaNov[Vendedora 1]=A33)+(TablaRecoletaNov[Vendedora 2]=A33)+(TablaRecoletaNov[Vendedora 3]=A33),--(TablaRecoletaNov[Día]=$K$11)) -> 0 | H33: =SUM(B33:G33) -> 0
A34: Micaela | B34: =SUMPRODUCT((TablaFloridaNov[Vendedora 1]=A34)+(TablaFloridaNov[Vendedora 2]=A34)+(TablaFloridaNov[Vendedora 3]=A34),--(TablaFloridaNov[Día]<>$K$11)) -> 0 | C34: =SUMPRODUCT((TablaGuemesNov[Vendedora 1]=A34)+(TablaGuemesNov[Vendedora 2]=A34)+(TablaGuemesNov[Vendedora 3]=A34),--(TablaGuemesNov[Día]<>$K$11)) -> 0 | D34: =SUMPRODUCT((TablaRecoletaNov[Vendedora 1]=A34)+(TablaRecoletaNov[Vendedora 2]=A34)+(TablaRecoletaNov[Vendedora 3]=A34),--(TablaRecoletaNov[Día]<>$K$11)) -> 72 | E34: =SUMPRODUCT((TablaFloridaNov[Vendedora 1]=A34)+(TablaFloridaNov[Vendedora 2]=A34)+(TablaFloridaNov[Vendedora 3]=A34),--(TablaFloridaNov[Día]=$K$11)) -> 5 | F34: =SUMPRODUCT((TablaGuemesNov[Vendedora 1]=A34)+(TablaGuemesNov[Vendedora 2]=A34)+(TablaGuemesNov[Vendedora 3]=A34),--(TablaGuemesNov[Día]=$K$11)) -> 0 | G34: =SUMPRODUCT((TablaRecoletaNov[Vendedora 1]=A34)+(TablaRecoletaNov[Vendedora 2]=A34)+(TablaRecoletaNov[Vendedora 3]=A34),--(TablaRecoletaNov[Día]=$K$11)) -> 0 | H34: =SUM(B34:G34) -> 77
A35: [Nueva] | B35: =SUMPRODUCT((TablaFloridaNov[Vendedora 1]=A35)+(TablaFloridaNov[Vendedora 2]=A35)+(TablaFloridaNov[Vendedora 3]=A35),--(TablaFloridaNov[Día]<>$K$11)) -> 0 | C35: =SUMPRODUCT((TablaGuemesNov[Vendedora 1]=A35)+(TablaGuemesNov[Vendedora 2]=A35)+(TablaGuemesNov[Vendedora 3]=A35),--(TablaGuemesNov[Día]<>$K$11)) -> 0 | D35: =SUMPRODUCT((TablaRecoletaNov[Vendedora 1]=A35)+(TablaRecoletaNov[Vendedora 2]=A35)+(TablaRecoletaNov[Vendedora 3]=A35),--(TablaRecoletaNov[Día]<>$K$11)) -> 0 | E35: =SUMPRODUCT((TablaFloridaNov[Vendedora 1]=A35)+(TablaFloridaNov[Vendedora 2]=A35)+(TablaFloridaNov[Vendedora 3]=A35),--(TablaFloridaNov[Día]=$K$11)) -> 0 | F35: =SUMPRODUCT((TablaGuemesNov[Vendedora 1]=A35)+(TablaGuemesNov[Vendedora 2]=A35)+(TablaGuemesNov[Vendedora 3]=A35),--(TablaGuemesNov[Día]=$K$11)) -> 0 | G35: =SUMPRODUCT((TablaRecoletaNov[Vendedora 1]=A35)+(TablaRecoletaNov[Vendedora 2]=A35)+(TablaRecoletaNov[Vendedora 3]=A35),--(TablaRecoletaNov[Día]=$K$11)) -> 0 | H35: =SUM(B35:G35) -> 0

Sheet Florida
A1: FLORIDA | I1: FLORIDA
A2: NOVIEMBRE | I2: DICIEMBRE
A4: Personal Mínimo Requerido por turno: | D4: 2 | I4: Personal Mínimo Requerido por turno: | L4: 2
A6: Resumen de horas por vendedora | I6: Resumen de horas por vendedora
A7: Vendedoras | B7: Horas normales trabajadas | C7: Horas feriados trabajados | D7: Horas totales trabajadas | F7: HORAS EN FLORIDA | I7: Vendedoras | J7: Horas normales trabajadas | K7: Horas feriados trabajados | L7: Horas totales trabajadas | N7: HORAS EN FLORIDA
A8: ='Resumen zona'!A6 -> Sofía | B8: =SUMPRODUCT((TablaFloridaNov[Vendedora 1]=A8)+(TablaFloridaNov[Vendedora 2]=A8)+(TablaFloridaNov[Vendedora 3]=A8),--(TablaFloridaNov[Día]<>$F$14)) + SUMPRODUCT((TablaGuemesNov[Vendedora 1]=A8)+(TablaGuemesNov[Vendedora 2]=A8)+(TablaGuemesNov[Vendedora 3]=A8),--(TablaGuemesNov[Día]<>$F$14)) + SUMPRODUCT((TablaRecoletaNov[Vendedora 1]=A8)+(TablaRecoletaNov[Vendedora 2]=A8)+(TablaRecoletaNov[Vendedora 3]=A8),--(TablaRecoletaNov[Día]<>$F$14)) -> 143 | C8: =SUMPRODUCT((TablaFloridaNov[Vendedora 1]=A8)+(TablaFloridaNov[Vendedora 2]=A8)+(TablaFloridaNov[Vendedora 3]=A8),--(TablaFloridaNov[Día]=$F$14)) + SUMPRODUCT((TablaGuemesNov[Vendedora 1]=A8)+(TablaGuemesNov[Vendedora 2]=A8)+(TablaGuemesNov[Vendedora 3]=A8),--(TablaGuemesNov[Día]=$F$14)) + SUMPRODUCT((TablaRecoletaNov[Vendedora 1]=A8)+(TablaRecoletaNov[Vendedora 2]=A8)+(TablaRecoletaNov[Vendedora 3]=A8),--(TablaRecoletaNov[Día]=$F$14)) -> 9 | D8: =SUM(B8:C8) -> 152 | F8: Máximas | I8: ='Resumen zona'!A25 -> Sofía | J8: =SUMPRODUCT((TablaFloridaDic[Vendedora 1]=I8)+(TablaFloridaDic[Vendedora 2]=I8)+(TablaFloridaDic[Vendedora 3]=I8),--(TablaFloridaDic[Día]<>$N$14)) + SUMPRODUCT((TablaGuemesDic[Vendedora 1]=I8)+(TablaGuemesDic[Vendedora 2]=I8)+(TablaGuemesDic[Vendedora 3]=I8),--(TablaGuemesDic[Día]<>$N$14)) + SUMPRODUCT((TablaRecoletaDic[Vendedora 1]=I8)+(TablaRecoletaDic[Vendedora 2]=I8)+(TablaRecoletaDic[Vendedora 3]=I8),--(TablaRecoletaDic[Día]<>$N$14)) -> 29 | K8: =SUMPRODUCT((TablaFloridaDic[Vendedora 1]=I8)+(TablaFloridaDic[Vendedora 2]=I8)+(TablaFloridaDic[Vendedora 3]=I8),--(TablaFloridaDic[Día]=$N$14)) + SUMPRODUCT((TablaGuemesDic[Vendedora 1]=I8)+(TablaGuemesDic[Vendedora 2]=I8)+(TablaGuemesDic[Vendedora 3]=I8),--(TablaGuemesDic[Día]=$N$14)) + SUMPRODUCT((TablaRecoletaDic[Vendedora 1]=I8)+(TablaRecoletaDic[Vendedora 2]=I8)+(TablaRecoletaDic[Vendedora 3]=I8),--(TablaRecoletaDic[Día]=$N$14)) -> 0 | L8: =J8+K8 -> 29 | N8: Máximas
A9: ='Resumen zona'!A7 -> Giselle | B9: =SUMPRODUCT((TablaFloridaNov[Vendedora 1]=A9)+(TablaFloridaNov[Vendedora 2]=A9)+(TablaFloridaNov[Vendedora 3]=A9),--(TablaFloridaNov[Día]<>$F$14)) + SUMPRODUCT((TablaGuemesNov[Vendedora 1]=A9)+(TablaGuemesNov[Vendedora 2]=A9)+(TablaGuemesNov[Vendedora 3]=A9),--(TablaGuemesNov[Día]<>$F$14)) + SUMPRODUCT((TablaRecoletaNov[Vendedora 1]=A9)+(TablaRecoletaNov[Vendedora 2]=A9)+(TablaRecoletaNov[Vendedora 3]=A9),--(TablaRecoletaNov[Día]<>$F$14)) -> 0 | C9: =SUMPRODUCT((TablaFloridaNov[Vendedora 1]=A9)+(TablaFloridaNov[Vendedora 2]=A9)+(TablaFloridaNov[Vendedora 3]=A9),--(TablaFloridaNov[Día]=$F$14)) + SUMPRODUCT((TablaGuemesNov[Vendedora 1]=A9)+(TablaGuemesNov[Vendedora 2]=A9)+(TablaGuemesNov[Vendedora 3]=A9),--(TablaGuemesNov[Día]=$F$14)) + SUMPRODUCT((TablaRecoletaNov[Vendedora 1]=A9)+(TablaRecoletaNov[Vendedora 2]=A9)+(TablaRecoletaNov[Vendedora 3]=A9),--(TablaRecoletaNov[Día]=$F$14)) -> 0 | D9: =SUM(B9:C9) -> 0 | F9: ='Resumen zona'!M5 -> 600 | I9: ='Resumen zona'!A26 -> Giselle | J9: =SUMPRODUCT((TablaFloridaDic[Vendedora 1]=I9)+(TablaFloridaDic[Vendedora 2]=I9)+(TablaFloridaDic[Vendedora 3]=I9),--(TablaFloridaDic[Día]<>$N$14)) + SUMPRODUCT((TablaGuemesDic[Vendedora 1]=I9)+(TablaGuemesDic[Vendedora 2]=I9)+(TablaGuemesDic[Vendedora 3]=I9),--(TablaGuemesDic[Día]<>$N$14)) + SUMPRODUCT((TablaRecoletaDic[Vendedora 1]=I9)+(TablaRecoletaDic[Vendedora 2]=I9)+(TablaRecoletaDic[Vendedora 3]=I9),--(TablaRecoletaDic[Día]<>$N$14)) -> 0 | K9: =SUMPRODUCT((TablaFloridaDic[Vendedora 1]=I9)+(TablaFloridaDic[Vendedora 2]=I9)+(TablaFloridaDic[Vendedora 3]=I9),--(TablaFloridaDic[Día]=$N$14)) + SUMPRODUCT((TablaGuemesDic[Vendedora 1]=I9)+(TablaGuemesDic[Vendedora 2]=I9)+(TablaGuemesDic[Vendedora 3]=I9),--(TablaGuemesDic[Día]=$N$14)) + SUMPRODUCT((TablaRecoletaDic[Vendedora 1]=I9)+(TablaRecoletaDic[Vendedora 2]=I9)+(TablaRecoletaDic[Vendedora 3]=I9),--(TablaRecoletaDic[Día]=$N$14)) -> 0 | L9: =J9+K9 -> 0 | N9: ='Resumen zona'!M24 -> 600
A10: ='Resumen zona'!A8 -> Maitena | B10: =SUMPRODUCT((TablaFloridaNov[Vendedora 1]=A10)+(TablaFloridaNov[Vendedora 2]=A10)+(TablaFloridaNov[Vendedora 3]=A10),--(TablaFloridaNov[Día]<>$F$14)) + SUMPRODUCT((TablaGuemesNov[Vendedora 1]=A10)+(TablaGuemesNov[Vendedora 2]=A10)+(TablaGuemesNov[Vendedora 3]=A10),--(TablaGuemesNov[Día]<>$F$14)) + SUMPRODUCT((TablaRecoletaNov[Vendedora 1]=A10)+(TablaRecoletaNov[Vendedora 2]=A10)+(TablaRecoletaNov[Vendedora 3]=A10),--(TablaRecoletaNov[Día]<>$F$14)) -> 504 | C10: =SUMPRODUCT((TablaFloridaNov[Vendedora 1]=A10)+(TablaFloridaNov[Vendedora 2]=A10)+(TablaFloridaNov[Vendedora 3]=A10),--(TablaFloridaNov[Día]=$F$14)) + SUMPRODUCT((TablaGuemesNov[Vendedora 1]=A10)+(TablaGuemesNov[Vendedora 2]=A10)+(TablaGuemesNov[Vendedora 3]=A10),--(TablaGuemesNov[Día]=$F$14)) + SUMPRODUCT((TablaRecoletaNov[Vendedora 1]=A10)+(TablaRecoletaNov[Vendedora 2]=A10)+(TablaRecoletaNov[Vendedora 3]=A10),--(TablaRecoletaNov[Día]=$F$14)) -> 8 | D10: =SUM(B10:C10) -> 512 | F10: Ocupadas | I10: ='Resumen zona'!A27 -> Maitena | J10: =SUMPRODUCT((TablaFloridaDic[Vendedora 1]=I10)+(TablaFloridaDic[Vendedora 2]=I10)+(TablaFloridaDic[Vendedora 3]=I10),--(TablaFloridaDic[Día]<>$N$14)) + SUMPRODUCT((TablaGuemesDic[Vendedora 1]=I10)+(TablaGuemesDic[Vendedora 2]=I10)+(TablaGuemesDic[Vendedora 3]=I10),--(TablaGuemesDic[Día]<>$N$14)) + SUMPRODUCT((TablaRecoletaDic[Vendedora 1]=I10)+(TablaRecoletaDic[Vendedora 2]=I10)+(TablaRecoletaDic[Vendedora 3]=I10),--(TablaRecoletaDic[Día]<>$N$14)) -> 981 | K10: =SUMPRODUCT((TablaFloridaDic[Vendedora 1]=I10)+(TablaFloridaDic[Vendedora 2]=I10)+(TablaFloridaDic[Vendedora 3]=I10),--(TablaFloridaDic[Día]=$N$14)) + SUMPRODUCT((TablaGuemesDic[Vendedora 1]=I10)+(TablaGuemesDic[Vendedora 2]=I10)+(TablaGuemesDic[Vendedora 3]=I10),--(TablaGuemesDic[Día]=$N$14)) + SUMPRODUCT((TablaRecoletaDic[Vendedora 1]=I10)+(TablaRecoletaDic[Vendedora 2]=I10)+(TablaRecoletaDic[Vendedora 3]=I10),--(TablaRecoletaDic[Día]=$N$14)) -> 34 | L10: =J10+K10 -> 1015 | N10: Ocupadas
A11: ='Resumen zona'!A9 -> Candela I. | B11: =SUMPRODUCT((TablaFloridaNov[Vendedora 1]=A11)+(TablaFloridaNov[Vendedora 2]=A11)+(TablaFloridaNov[Vendedora 3]=A11),--(TablaFloridaNov[Día]<>$F$14)) + SUMPRODUCT((TablaGuemesNov[Vendedora 1]=A11)+(TablaGuemesNov[Vendedora 2]=A11)+(TablaGuemesNov[Vendedora 3]=A11),--(TablaGuemesNov[Día]<>$F$14)) + SUMPRODUCT((TablaRecoletaNov[Vendedora 1]=A11)+(TablaRecoletaNov[Vendedora 2]=A11)+(TablaRecoletaNov[Vendedora 3]=A11),--(TablaRecoletaNov[Día]<>$F$14)) -> 12 | C11: =SUMPRODUCT((TablaFloridaNov[Vendedora 1]=A11)+(TablaFloridaNov[Vendedora 2]=A11)+(TablaFloridaNov[Vendedora 3]=A11),--(TablaFloridaNov[Día]=$F$14)) + SUMPRODUCT((TablaGuemesNov[Vendedora 1]=A11)+(TablaGuemesNov[Vendedora 2]=A11)+(TablaGuemesNov[Vendedora 3]=A11),--(TablaGuemesNov[Día]=$F$14)) + SUMPRODUCT((TablaRecoletaNov[Vendedora 1]=A11)+(TablaRecoletaNov[Vendedora 2]=A11)+(TablaRecoletaNov[Vendedora 3]=A11),--(TablaRecoletaNov[Día]=$F$14)) -> 0 | D11: =SUM(B11:C11) -> 12 | F11: =SUM(D8:D18) -> 844 | I11: ='Resumen zona'!A28 -> Candela I. | J11: =SUMPRODUCT((TablaFloridaDic[Vendedora 1]=I11)+(TablaFloridaDic[Vendedora 2]=I11)+(TablaFloridaDic[Vendedora 3]=I11),--(TablaFloridaDic[Día]<>$N$14)) + SUMPRODUCT((TablaGuemesDic[Vendedora 1]=I11)+(TablaGuemesDic[Vendedora 2]=I11)+(TablaGuemesDic[Vendedora 3]=I11),--(TablaGuemesDic[Día]<>$N$14)) + SUMPRODUCT((TablaRecoletaDic[Vendedora 1]=I11)+(TablaRecoletaDic[Vendedora 2]=I11)+(TablaRecoletaDic[Vendedora 3]=I11),--(TablaRecoletaDic[Día]<>$N$14)) -> 0 | K11: =SUMPRODUCT((TablaFloridaDic[Vendedora 1]=I11)+(TablaFloridaDic[Vendedora 2]=I11)+(TablaFloridaDic[Vendedora 3]=I11),--(TablaFloridaDic[Día]=$N$14)) + SUMPRODUCT((TablaGuemesDic[Vendedora 1]=I11)+(TablaGuemesDic[Vendedora 2]=I11)+(TablaGuemesDic[Vendedora 3]=I11),--(TablaGuemesDic[Día]=$N$14)) + SUMPRODUCT((TablaRecoletaDic[Vendedora 1]=I11)+(TablaRecoletaDic[Vendedora 2]=I11)+(TablaRecoletaDic[Vendedora 3]=I11),--(TablaRecoletaDic[Día]=$N$14)) -> 0 | L11: =J11+K11 -> 0 | N11: =SUM(L8:L18) -> 1079
A12: ='Resumen zona'!A10 -> Luciana | B12: =SUMPRODUCT((TablaFloridaNov[Vendedora 1]=A12)+(TablaFloridaNov[Vendedora 2]=A12)+(TablaFloridaNov[Vendedora 3]=A12),--(TablaFloridaNov[Día]<>$F$14)) + SUMPRODUCT((TablaGuemesNov[Vendedora 1]=A12)+(TablaGuemesNov[Vendedora 2]=A12)+(TablaGuemesNov[Vendedora 3]=A12),--(TablaGuemesNov[Día]<>$F$14)) + SUMPRODUCT((TablaRecoletaNov[Vendedora 1]=A12)+(TablaRecoletaNov[Vendedora 2]=A12)+(TablaRecoletaNov[Vendedora 3]=A12),--(TablaRecoletaNov[Día]<>$F$14)) -> 0 | C12: =SUMPRODUCT((TablaFloridaNov[Vendedora 1]=A12)+(TablaFloridaNov[Vendedora 2]=A12)+(TablaFloridaNov[Vendedora 3]=A12),--(TablaFloridaNov[Día]=$F$14)) + SUMPRODUCT((TablaGuemesNov[Vendedora 1]=A12)+(TablaGuemesNov[Vendedora 2]=A12)+(TablaGuemesNov[Vendedora 3]=A12),--(TablaGuemesNov[Día]=$F$14)) + SUMPRODUCT((TablaRecoletaNov[Vendedora 1]=A12)+(TablaRecoletaNov[Vendedora 2]=A12)+(TablaRecoletaNov[Vendedora 3]=A12),--(TablaRecoletaNov[Día]=$F$14)) -> 0 | D12: =SUM(B12:C12) -> 0 | I12: ='Resumen zona'!A29 -> Luciana | J12: =SUMPRODUCT((TablaFloridaDic[Vendedora 1]=I12)+(TablaFloridaDic[Vendedora 2]=I12)+(TablaFloridaDic[Vendedora 3]=I12),--(TablaFloridaDic[Día]<>$N$14)) + SUMPRODUCT((TablaGuemesDic[Vendedora 1]=I12)+(TablaGuemesDic[Vendedora 2]=I12)+(TablaGuemesDic[Vendedora 3]=I12),--(TablaGuemesDic[Día]<>$N$14)) + SUMPRODUCT((TablaRecoletaDic[Vendedora 1]=I12)+(TablaRecoletaDic[Vendedora 2]=I12)+(TablaRecoletaDic[Vendedora 3]=I12),--(TablaRecoletaDic[Día]<>$N$14)) -> 0 | K12: =SUMPRODUCT((TablaFloridaDic[Vendedora 1]=I12)+(TablaFloridaDic[Vendedora 2]=I12)+(TablaFloridaDic[Vendedora 3]=I12),--(TablaFloridaDic[Día]=$N$14)) + SUMPRODUCT((TablaGuemesDic[Vendedora 1]=I12)+(TablaGuemesDic[Vendedora 2]=I12)+(TablaGuemesDic[Vendedora 3]=I12),--(TablaGuemesDic[Día]=$N$14)) + SUMPRODUCT((TablaRecoletaDic[Vendedora 1]=I12)+(TablaRecoletaDic[Vendedora 2]=I12)+(TablaRecoletaDic[Vendedora 3]=I12),--(TablaRecoletaDic[Día]=$N$14)) -> 0 | L12: =J12+K12 -> 0
A13: ='Resumen zona'!A11 -> Bárbara | B13: =SUMPRODUCT((TablaFloridaNov[Vendedora 1]=A13)+(TablaFloridaNov[Vendedora 2]=A13)+(TablaFloridaNov[Vendedora 3]=A13),--(TablaFloridaNov[Día]<>$F$14)) + SUMPRODUCT((TablaGuemesNov[Vendedora 1]=A13)+(TablaGuemesNov[Vendedora 2]=A13)+(TablaGuemesNov[Vendedora 3]=A13),--(TablaGuemesNov[Día]<>$F$14)) + SUMPRODUCT((TablaRecoletaNov[Vendedora 1]=A13)+(TablaRecoletaNov[Vendedora 2]=A13)+(TablaRecoletaNov[Vendedora 3]=A13),--(TablaRecoletaNov[Día]<>$F$14)) -> 0 | C13: =SUMPRODUCT((TablaFloridaNov[Vendedora 1]=A13)+(TablaFloridaNov[Vendedora 2]=A13)+(TablaFloridaNov[Vendedora 3]=A13),--(TablaFloridaNov[Día]=$F$14)) + SUMPRODUCT((TablaGuemesNov[Vendedora 1]=A13)+(TablaGuemesNov[Vendedora 2]=A13)+(TablaGuemesNov[Vendedora 3]=A13),--(TablaGuemesNov[Día]=$F$14)) + SUMPRODUCT((TablaRecoletaNov[Vendedora 1]=A13)+(TablaRecoletaNov[Vendedora 2]=A13)+(TablaRecoletaNov[Vendedora 3]=A13),--(TablaRecoletaNov[Día]=$F$14)) -> 0 | D13: =SUM(B13:C13) -> 0 | F13: FERIADOS | I13: ='Resumen zona'!A30 -> Bárbara | J13: =SUMPRODUCT((TablaFloridaDic[Vendedora 1]=I13)+(TablaFloridaDic[Vendedora 2]=I13)+(TablaFloridaDic[Vendedora 3]=I13),--(TablaFloridaDic[Día]<>$N$14)) + SUMPRODUCT((TablaGuemesDic[Vendedora 1]=I13)+(TablaGuemesDic[Vendedora 2]=I13)+(TablaGuemesDic[Vendedora 3]=I13),--(TablaGuemesDic[Día]<>$N$14)) + SUMPRODUCT((TablaRecoletaDic[Vendedora 1]=I13)+(TablaRecoletaDic[Vendedora 2]=I13)+(TablaRecoletaDic[Vendedora 3]=I13),--(TablaRecoletaDic[Día]<>$N$14)) -> 0 | K13: =SUMPRODUCT((TablaFloridaDic[Vendedora 1]=I13)+(TablaFloridaDic[Vendedora 2]=I13)+(TablaFloridaDic[Vendedora 3]=I13),--(TablaFloridaDic[Día]=$N$14)) + SUMPRODUCT((TablaGuemesDic[Vendedora 1]=I13)+(TablaGuemesDic[Vendedora 2]=I13)+(TablaGuemesDic[Vendedora 3]=I13),--(TablaGuemesDic[Día]=$N$14)) + SUMPRODUCT((TablaRecoletaDic[Vendedora 1]=I13)+(TablaRecoletaDic[Vendedora 2]=I13)+(TablaRecoletaDic[Vendedora 3]=I13),--(TablaRecoletaDic[Día]=$N$14)) -> 0 | L13: =J13+K13 -> 0 | N13: FERIADOS
A14: ='Resumen zona'!A12 -> Rocío | B14: =SUMPRODUCT((TablaFloridaNov[Vendedora 1]=A14)+(TablaFloridaNov[Vendedora 2]=A14)+(TablaFloridaNov[Vendedora 3]=A14),--(TablaFloridaNov[Día]<>$F$14)) + SUMPRODUCT((TablaGuemesNov[Vendedora 1]=A14)+(TablaGuemesNov[Vendedora 2]=A14)+(TablaGuemesNov[Vendedora 3]=A14),--(TablaGuemesNov[Día]<>$F$14)) + SUMPRODUCT((TablaRecoletaNov[Vendedora 1]=A14)+(TablaRecoletaNov[Vendedora 2]=A14)+(TablaRecoletaNov[Vendedora 3]=A14),--(TablaRecoletaNov[Día]<>$F$14)) -> 68 | C14: =SUMPRODUCT((TablaFloridaNov[Vendedora 1]=A14)+(TablaFloridaNov[Vendedora 2]=A14)+(TablaFloridaNov[Vendedora 3]=A14),--(TablaFloridaNov[Día]=$F$14)) + SUMPRODUCT((TablaGuemesNov[Vendedora 1]=A14)+(TablaGuemesNov[Vendedora 2]=A14)+(TablaGuemesNov[Vendedora 3]=A14),--(TablaGuemesNov[Día]=$F$14)) + SUMPRODUCT((TablaRecoletaNov[Vendedora 1]=A14)+(TablaRecoletaNov[Vendedora 2]=A14)+(TablaRecoletaNov[Vendedora 3]=A14),--(TablaRecoletaNov[Día]=$F$14)) -> 11 | D14: =SUM(B14:C14) -> 79 | F14: ='Resumen zona'!K11 -> 45985 | I14: ='Resumen zona'!A31 -> Rocío | J14: =SUMPRODUCT((TablaFloridaDic[Vendedora 1]=I14)+(TablaFloridaDic[Vendedora 2]=I14)+(TablaFloridaDic[Vendedora 3]=I14),--(TablaFloridaDic[Día]<>$N$14)) + SUMPRODUCT((TablaGuemesDic[Vendedora 1]=I14)+(TablaGuemesDic[Vendedora 2]=I14)+(TablaGuemesDic[Vendedora 3]=I14),--(TablaGuemesDic[Día]<>$N$14)) + SUMPRODUCT((TablaRecoletaDic[Vendedora 1]=I14)+(TablaRecoletaDic[Vendedora 2]=I14)+(TablaRecoletaDic[Vendedora 3]=I14),--(TablaRecoletaDic[Día]<>$N$14)) -> 19 | K14: =SUMPRODUCT((TablaFloridaDic[Vendedora 1]=I14)+(TablaFloridaDic[Vendedora 2]=I14)+(TablaFloridaDic[Vendedora 3]=I14),--(TablaFloridaDic[Día]=$N$14)) + SUMPRODUCT((TablaGuemesDic[Vendedora 1]=I14)+(TablaGuemesDic[Vendedora 2]=I14)+(TablaGuemesDic[Vendedora 3]=I14),--(TablaGuemesDic[Día]=$N$14)) + SUMPRODUCT((TablaRecoletaDic[Vendedora 1]=I14)+(TablaRecoletaDic[Vendedora 2]=I14)+(TablaRecoletaDic[Vendedora 3]=I14),--(TablaRecoletaDic[Día]=$N$14)) -> 4 | L14: =J14+K14 -> 23 | N14: ='Resumen zona'!K30 -> 45999
A15: ='Resumen zona'!A13 -> Mailén | B15: =SUMPRODUCT((TablaFloridaNov[Vendedora 1]=A15)+(TablaFloridaNov[Vendedora 2]=A15)+(TablaFloridaNov[Vendedora 3]=A15),--(TablaFloridaNov[Día]<>$F$14)) + SUMPRODUCT((TablaGuemesNov[Vendedora 1]=A15)+(TablaGuemesNov[Vendedora 2]=A15)+(TablaGuemesNov[Vendedora 3]=A15),--(TablaGuemesNov[Día]<>$F$14)) + SUMPRODUCT((TablaRecoletaNov[Vendedora 1]=A15)+(TablaRecoletaNov[Vendedora 2]=A15)+(TablaRecoletaNov[Vendedora 3]=A15),--(TablaRecoletaNov[Día]<>$F$14)) -> 12 | C15: =SUMPRODUCT((TablaFloridaNov[Vendedora 1]=A15)+(TablaFloridaNov[Vendedora 2]=A15)+(TablaFloridaNov[Vendedora 3]=A15),--(TablaFloridaNov[Día]=$F$14)) + SUMPRODUCT((TablaGuemesNov[Vendedora 1]=A15)+(TablaGuemesNov[Vendedora 2]=A15)+(TablaGuemesNov[Vendedora 3]=A15),--(TablaGuemesNov[Día]=$F$14)) + SUMPRODUCT((TablaRecoletaNov[Vendedora 1]=A15)+(TablaRecoletaNov[Vendedora 2]=A15)+(TablaRecoletaNov[Vendedora 3]=A15),--(TablaRecoletaNov[Día]=$F$14)) -> 0 | D15: =SUM(B15:C15) -> 12 | I15: ='Resumen zona'!A32 -> Mailén | J15: =SUMPRODUCT((TablaFloridaDic[Vendedora 1]=I15)+(TablaFloridaDic[Vendedora 2]=I15)+(TablaFloridaDic[Vendedora 3]=I15),--(TablaFloridaDic[Día]<>$N$14)) + SUMPRODUCT((TablaGuemesDic[Vendedora 1]=I15)+(TablaGuemesDic[Vendedora 2]=I15)+(TablaGuemesDic[Vendedora 3]=I15),--(TablaGuemesDic[Día]<>$N$14)) + SUMPRODUCT((TablaRecoletaDic[Vendedora 1]=I15)+(TablaRecoletaDic[Vendedora 2]=I15)+(TablaRecoletaDic[Vendedora 3]=I15),--(TablaRecoletaDic[Día]<>$N$14)) -> 3 | K15: =SUMPRODUCT((TablaFloridaDic[Vendedora 1]=I15)+(TablaFloridaDic[Vendedora 2]=I15)+(TablaFloridaDic[Vendedora 3]=I15),--(TablaFloridaDic[Día]=$N$14)) + SUMPRODUCT((TablaGuemesDic[Vendedora 1]=I15)+(TablaGuemesDic[Vendedora 2]=I15)+(TablaGuemesDic[Vendedora 3]=I15),--(TablaGuemesDic[Día]=$N$14)) + SUMPRODUCT((TablaRecoletaDic[Vendedora 1]=I15)+(TablaRecoletaDic[Vendedora 2]=I15)+(TablaRecoletaDic[Vendedora 3]=I15),--(TablaRecoletaDic[Día]=$N$14)) -> 0 | L15: =J15+K15 -> 3
A16: ='Resumen zona'!A14 -> Candela G. | B16: =SUMPRODUCT((TablaFloridaNov[Vendedora 1]=A16)+(TablaFloridaNov[Vendedora 2]=A16)+(TablaFloridaNov[Vendedora 3]=A16),--(TablaFloridaNov[Día]<>$F$14)) + SUMPRODUCT((TablaGuemesNov[Vendedora 1]=A16)+(TablaGuemesNov[Vendedora 2]=A16)+(TablaGuemesNov[Vendedora 3]=A16),--(TablaGuemesNov[Día]<>$F$14)) + SUMPRODUCT((TablaRecoletaNov[Vendedora 1]=A16)+(TablaRecoletaNov[Vendedora 2]=A16)+(TablaRecoletaNov[Vendedora 3]=A16),--(TablaRecoletaNov[Día]<>$F$14)) -> 0 | C16: =SUMPRODUCT((TablaFloridaNov[Vendedora 1]=A16)+(TablaFloridaNov[Vendedora 2]=A16)+(TablaFloridaNov[Vendedora 3]=A16),--(TablaFloridaNov[Día]=$F$14)) + SUMPRODUCT((TablaGuemesNov[Vendedora 1]=A16)+(TablaGuemesNov[Vendedora 2]=A16)+(TablaGuemesNov[Vendedora 3]=A16),--(TablaGuemesNov[Día]=$F$14)) + SUMPRODUCT((TablaRecoletaNov[Vendedora 1]=A16)+(TablaRecoletaNov[Vendedora 2]=A16)+(TablaRecoletaNov[Vendedora 3]=A16),--(TablaRecoletaNov[Día]=$F$14)) -> 0 | D16: =SUM(B16:C16) -> 0 | I16: ='Resumen zona'!A33 -> Candela G. | J16: =SUMPRODUCT((TablaFloridaDic[Vendedora 1]=I16)+(TablaFloridaDic[Vendedora 2]=I16)+(TablaFloridaDic[Vendedora 3]=I16),--(TablaFloridaDic[Día]<>$N$14)) + SUMPRODUCT((TablaGuemesDic[Vendedora 1]=I16)+(TablaGuemesDic[Vendedora 2]=I16)+(TablaGuemesDic[Vendedora 3]=I16),--(TablaGuemesDic[Día]<>$N$14)) + SUMPRODUCT((TablaRecoletaDic[Vendedora 1]=I16)+(TablaRecoletaDic[Vendedora 2]=I16)+(TablaRecoletaDic[Vendedora 3]=I16),--(TablaRecoletaDic[Día]<>$N$14)) -> 4 | K16: =SUMPRODUCT((TablaFloridaDic[Vendedora 1]=I16)+(TablaFloridaDic[Vendedora 2]=I16)+(TablaFloridaDic[Vendedora 3]=I16),--(TablaFloridaDic[Día]=$N$14)) + SUMPRODUCT((TablaGuemesDic[Vendedora 1]=I16)+(TablaGuemesDic[Vendedora 2]=I16)+(TablaGuemesDic[Vendedora 3]=I16),--(TablaGuemesDic[Día]=$N$14)) + SUMPRODUCT((TablaRecoletaDic[Vendedora 1]=I16)+(TablaRecoletaDic[Vendedora 2]=I16)+(TablaRecoletaDic[Vendedora 3]=I16),--(TablaRecoletaDic[Día]=$N$14)) -> 0 | L16: =J16+K16 -> 4
A17: ='Resumen zona'!A15 -> Micaela | B17: =SUMPRODUCT((TablaFloridaNov[Vendedora 1]=A17)+(TablaFloridaNov[Vendedora 2]=A17)+(TablaFloridaNov[Vendedora 3]=A17),--(TablaFloridaNov[Día]<>$F$14)) + SUMPRODUCT((TablaGuemesNov[Vendedora 1]=A17)+(TablaGuemesNov[Vendedora 2]=A17)+(TablaGuemesNov[Vendedora 3]=A17),--(TablaGuemesNov[Día]<>$F$14)) + SUMPRODUCT((TablaRecoletaNov[Vendedora 1]=A17)+(TablaRecoletaNov[Vendedora 2]=A17)+(TablaRecoletaNov[Vendedora 3]=A17),--(TablaRecoletaNov[Día]<>$F$14)) -> 72 | C17: =SUMPRODUCT((TablaFloridaNov[Vendedora 1]=A17)+(TablaFloridaNov[Vendedora 2]=A17)+(TablaFloridaNov[Vendedora 3]=A17),--(TablaFloridaNov[Día]=$F$14)) + SUMPRODUCT((TablaGuemesNov[Vendedora 1]=A17)+(TablaGuemesNov[Vendedora 2]=A17)+(TablaGuemesNov[Vendedora 3]=A17),--(TablaGuemesNov[Día]=$F$14)) + SUMPRODUCT((TablaRecoletaNov[Vendedora 1]=A17)+(TablaRecoletaNov[Vendedora 2]=A17)+(TablaRecoletaNov[Vendedora 3]=A17),--(TablaRecoletaNov[Día]=$F$14)) -> 5 | D17: =SUM(B17:C17) -> 77 | I17: ='Resumen zona'!A34 -> Micaela | J17: =SUMPRODUCT((TablaFloridaDic[Vendedora 1]=I17)+(TablaFloridaDic[Vendedora 2]=I17)+(TablaFloridaDic[Vendedora 3]=I17),--(TablaFloridaDic[Día]<>$N$14)) + SUMPRODUCT((TablaGuemesDic[Vendedora 1]=I17)+(TablaGuemesDic[Vendedora 2]=I17)+(TablaGuemesDic[Vendedora 3]=I17),--(TablaGuemesDic[Día]<>$N$14)) + SUMPRODUCT((TablaRecoletaDic[Vendedora 1]=I17)+(TablaRecoletaDic[Vendedora 2]=I17)+(TablaRecoletaDic[Vendedora 3]=I17),--(TablaRecoletaDic[Día]<>$N$14)) -> 5 | K17: =SUMPRODUCT((TablaFloridaDic[Vendedora 1]=I17)+(TablaFloridaDic[Vendedora 2]=I17)+(TablaFloridaDic[Vendedora 3]=I17),--(TablaFloridaDic[Día]=$N$14)) + SUMPRODUCT((TablaGuemesDic[Vendedora 1]=I17)+(TablaGuemesDic[Vendedora 2]=I17)+(TablaGuemesDic[Vendedora 3]=I17),--(TablaGuemesDic[Día]=$N$14)) + SUMPRODUCT((TablaRecoletaDic[Vendedora 1]=I17)+(TablaRecoletaDic[Vendedora 2]=I17)+(TablaRecoletaDic[Vendedora 3]=I17),--(TablaRecoletaDic[Día]=$N$14)) -> 0 | L17: =J17+K17 -> 5
A18: ='Resumen zona'!A16 -> [Nueva] | B18: =SUMPRODUCT((TablaFloridaNov[Vendedora 1]=A18)+(TablaFloridaNov[Vendedora 2]=A18)+(TablaFloridaNov[Vendedora 3]=A18),--(TablaFloridaNov[Día]<>$F$14)) + SUMPRODUCT((TablaGuemesNov[Vendedora 1]=A18)+(TablaGuemesNov[Vendedora 2]=A18)+(TablaGuemesNov[Vendedora 3]=A18),--(TablaGuemesNov[Día]<>$F$14)) + SUMPRODUCT((TablaRecoletaNov[Vendedora 1]=A18)+(TablaRecoletaNov[Vendedora 2]=A18)+(TablaRecoletaNov[Vendedora 3]=A18),--(TablaRecoletaNov[Día]<>$F$14)) -> 0 | C18: =SUMPRODUCT((TablaFloridaNov[Vendedora 1]=A18)+(TablaFloridaNov[Vendedora 2]=A18)+(TablaFloridaNov[Vendedora 3]=A18),--(TablaFloridaNov[Día]=$F$14)) + SUMPRODUCT((TablaGuemesNov[Vendedora 1]=A18)+(TablaGuemesNov[Vendedora 2]=A18)+(TablaGuemesNov[Vendedora 3]=A18),--(TablaGuemesNov[Día]=$F$14)) + SUMPRODUCT((TablaRecoletaNov[Vendedora 1]=A18)+(TablaRecoletaNov[Vendedora 2]=A18)+(TablaRecoletaNov[Vendedora 3]=A18),--(TablaRecoletaNov[Día]=$F$14)) -> 0 | D18: =SUM(B18:C18) -> 0 | I18: ='Resumen zona'!A35 -> [Nueva] | J18: =SUMPRODUCT((TablaFloridaDic[Vendedora 1]=I18)+(TablaFloridaDic[Vendedora 2]=I18)+(TablaFloridaDic[Vendedora 3]=I18),--(TablaFloridaDic[Día]<>$N$14)) + SUMPRODUCT((TablaGuemesDic[Vendedora 1]=I18)+(TablaGuemesDic[Vendedora 2]=I18)+(TablaGuemesDic[Vendedora 3]=I18),--(TablaGuemesDic[Día]<>$N$14)) + SUMPRODUCT((TablaRecoletaDic[Vendedora 1]=I18)+(TablaRecoletaDic[Vendedora 2]=I18)+(TablaRecoletaDic[Vendedora 3]=I18),--(TablaRecoletaDic[Día]<>$N$14)) -> 0 | K18: =SUMPRODUCT((TablaFloridaDic[Vendedora 1]=I18)+(TablaFloridaDic[Vendedora 2]=I18)+(TablaFloridaDic[Vendedora 3]=I18),--(TablaFloridaDic[Día]=$N$14)) + SUMPRODUCT((TablaGuemesDic[Vendedora 1]=I18)+(TablaGuemesDic[Vendedora 2]=I18)+(TablaGuemesDic[Vendedora 3]=I18),--(TablaGuemesDic[Día]=$N$14)) + SUMPRODUCT((TablaRecoletaDic[Vendedora 1]=I18)+(TablaRecoletaDic[Vendedora 2]=I18)+(TablaRecoletaDic[Vendedora 3]=I18),--(TablaRecoletaDic[Día]=$N$14)) -> 0 | L18: =J18+K18 -> 0
A21: Día | B21: Día de semana | C21: Hora | D21: Vendedora 1 | E21: Vendedora 2 | F21: Vendedora 3 | G21: Estado de la hora | I21: Día | J21: Día de semana | K21: Hora | L21: Vendedora 1 | M21: Vendedora 2 | N21: Vendedora 3 | O21: Estado de la hora
A22: 45962 | B22: =TEXT(A22,"ddd") -> sáb | C22: 0.45833333 | D22: Maitena | E22: Mailén | G22: =IF(COUNTIF(D22:F22,"?*")=$D$4,"✅ CUBIERTO", IF(COUNTIF(D22:F22,"?*")>$D$4,"⚠ EXCESO",IF(COUNTIF(D22:F22,"?*")>0,"⚠ FALTANTE", "❌ SIN COMPLETAR"))) -> ✅ CUBIERTO | I22: 45992 | J22: =TEXT(I22,"ddd") -> lun | K22: 0.45833333 | L22: Maitena | M22: Candela G. | O22: =IF(COUNTIF(L22:N22,"?*")>=$L$4, "✅ CUBIERTO", IF(COUNTIF(L22:N22,"?*")>0, "⚠ FALTANTE", "❌ SIN COMPLETAR")) -> ✅ CUBIERTO
A23: 45962 | B23: =TEXT(A23,"ddd") -> sáb | C23: 0.5 | D23: Maitena | E23: Mailén | G23: =IF(COUNTIF(D23:F23,"?*")=$D$4,"✅ CUBIERTO", IF(COUNTIF(D23:F23,"?*")>$D$4,"⚠ EXCESO",IF(COUNTIF(D23:F23,"?*")>0,"⚠ FALTANTE", "❌ SIN COMPLETAR"))) -> ✅ CUBIERTO | I23: 45992 | J23: =TEXT(I23,"ddd") -> lun | K23: 0.5 | L23: Maitena | M23: Candela G. | O23: =IF(COUNTIF(L23:N23,"?*")>=$L$4, "✅ CUBIERTO", IF(COUNTIF(L23:N23,"?*")>0, "⚠ FALTANTE", "❌ SIN COMPLETAR")) -> ✅ CUBIERTO
A24: 45962 | B24: =TEXT(A24,"ddd") -> sáb | C24: 0.54166667 | D24: Maitena | E24: Mailén | G24: =IF(COUNTIF(D24:F24,"?*")=$D$4,"✅ CUBIERTO", IF(COUNTIF(D24:F24,"?*")>$D$4,"⚠ EXCESO",IF(COUNTIF(D24:F24,"?*")>0,"⚠ FALTANTE", "❌ SIN COMPLETAR"))) -> ✅ CUBIERTO | I24: 45992 | J24: =TEXT(I24,"ddd") -> lun | K24: 0.54166667 | L24: Maitena | M24: Candela G. | O24: =IF(COUNTIF(L24:N24,"?*")>=$L$4, "✅ CUBIERTO", IF(COUNTIF(L24:N24,"?*")>0, "⚠ FALTANTE", "❌ SIN COMPLETAR")) -> ✅ CUBIERTO
A25: 45962 | B25: =TEXT(A25,"ddd") -> sáb | C25: 0.58333333 | D25: Maitena | E25: Mailén | G25: =IF(COUNTIF(D25:F25,"?*")=$D$4,"✅ CUBIERTO", IF(COUNTIF(D25:F25,"?*")>$D$4,"⚠ EXCESO",IF(COUNTIF(D25:F25,"?*")>0,"⚠ FALTANTE", "❌ SIN COMPLETAR"))) -> ✅ CUBIERTO | I25: 45992 | J25: =TEXT(I25,"ddd") -> lun | K25: 0.58333333 | L25: Maitena | M25: Candela G. | O25: =IF(COUNTIF(L25:N25,"?*")>=$L$4, "✅ CUBIERTO", IF(COUNTIF(L25:N25,"?*")>0, "⚠ FALTANTE", "❌ SIN COMPLETAR")) -> ✅ CUBIERTO
A26: 45962 | B26: =TEXT(A26,"ddd") -> sáb | C26: 0.625 | D26: Maitena | E26: Mailén | G26: =IF(COUNTIF(D26:F26,"?*")=$D$4,"✅ CUBIERTO", IF(COUNTIF(D26:F26,"?*")>$D$4,"⚠ EXCESO",IF(COUNTIF(D26:F26,"?*")>0,"⚠ FALTANTE", "❌ SIN COMPLETAR"))) -> ✅ CUBIERTO | I26: 45992 | J26: =TEXT(I26,"ddd") -> lun | K26: 0.625 | L26: Micaela | M26: Rocío | O26: =IF(COUNTIF(L26:N26,"?*")>=$L$4, "✅ CUBIERTO", IF(COUNTIF(L26:N26,"?*")>0, "⚠ FALTANTE", "❌ SIN COMPLETAR")) -> ✅ CUBIERTO
A27: 45962 | B27: =TEXT(A27,"ddd") -> sáb | C27: 0.66666667 | D27: Maitena | E27: Mailén | G27: =IF(COUNTIF(D27:F27,"?*")=$D$4,"✅ CUBIERTO", IF(COUNTIF(D27:F27,"?*")>$D$4,"⚠ EXCESO",IF(COUNTIF(D27:F27,"?*")>0,"⚠ FALTANTE", "❌ SIN COMPLETAR"))) -> ✅ CUBIERTO | I27: 45992 | J27: =TEXT(I27,"ddd") -> lun | K27: 0.66666667 | L27: Micaela | M27: Rocío | O27: =IF(COUNTIF(L27:N27,"?*")>=$L$4, "✅ CUBIERTO", IF(COUNTIF(L27:N27,"?*")>0, "⚠ FALTANTE", "❌ SIN COMPLETAR")) -> ✅ CUBIERTO
A28: 45962 | B28: =TEXT(A28,"ddd") -> sáb | C28: 0.70833333 | D28: Maitena | E28: Mailén | G28: =IF(COUNTIF(D28:F28,"?*")=$D$4,"✅ CUBIERTO", IF(COUNTIF(D28:F28,"?*")>$D$4,"⚠ EXCESO",IF(COUNTIF(D28:F28,"?*")>0,"⚠ FALTANTE", "❌ SIN COMPLETAR"))) -> ✅ CUBIERTO | I28: 45992 | J28: =TEXT(I28,"ddd") -> lun | K28: 0.70833333 | L28: Micaela | M28: Rocío | O28: =IF(COUNTIF(L28:N28,"?*")>=$L$4, "✅ CUBIERTO", IF(COUNTIF(L28:N28,"?*")>0, "⚠ FALTANTE", "❌ SIN COMPLETAR")) -> ✅ CUBIERTO
A29: 45962 | B29: =TEXT(A29,"ddd") -> sáb | C29: 0.75 | D29: Maitena | E29: Mailén | G29: =IF(COUNTIF(D29:F29,"?*")=$D$4,"✅ CUBIERTO", IF(COUNTIF(D29:F29,"?*")>$D$4,"⚠ EXCESO",IF(COUNTIF(D29:F29,"?*")>0,"⚠ FALTANTE", "❌ SIN COMPLETAR"))) -> ✅ CUBIERTO | I29: 45992 | J29: =TEXT(I29,"ddd") -> lun | K29: 0.75 | L29: Micaela | M29: Rocío | O29: =IF(COUNTIF(L29:N29,"?*")>=$L$4, "✅ CUBIERTO", IF(COUNTIF(L29:N29,"?*")>0, "⚠ FALTANTE", "❌ SIN COMPLETAR")) -> ✅ CUBIERTO
A30: 45962 | B30: =TEXT(A30,"ddd") -> sáb | C30: 0.79166667 | D30: Maitena | E30: Mailén | G30: =IF(COUNTIF(D30:F30,"?*")=$D$4,"✅ CUBIERTO", IF(COUNTIF(D30:F30,"?*")>$D$4,"⚠ EXCESO",IF(COUNTIF(D30:F30,"?*")>0,"⚠ FALTANTE", "❌ SIN COMPLETAR"))) -> ✅ CUBIERTO | I30: 45992 | J30: =TEXT(I30,"ddd") -> lun | K30: 0.79166667 | L30: Micaela | M30: Rocío | O30: =IF(COUNTIF(L30:N30,"?*")>=$L$4, "✅ CUBIERTO", IF(COUNTIF(L30:N30,"?*")>0, "⚠ FALTANTE", "❌ SIN COMPLETAR")) -> ✅ CUBIERTO
A31: 45963 | B31: =TEXT(A31,"ddd") -> dom | C31: 0.45833333 | D31: Maitena | E31: Mailén | G31: =IF(COUNTIF(D31:F31,"?*")=$D$4,"✅ CUBIERTO", IF(COUNTIF(D31:F31,"?*")>$D$4,"⚠ EXCESO",IF(COUNTIF(D31:F31,"?*")>0,"⚠ FALTANTE", "❌ SIN COMPLETAR"))) -> ✅ CUBIERTO | I31: 45993 | J31: =TEXT(I31,"ddd") -> mar | K31: 0.45833333 | L31: Maitena | M31: Maitena | O31: =IF(COUNTIF(L31:N31,"?*")>=$L$4, "✅ CUBIERTO", IF(COUNTIF(L31:N31,"?*")>0, "⚠ FALTANTE", "❌ SIN COMPLETAR")) -> ✅ CUBIERTO
A32: 45963 | B32: =TEXT(A32,"ddd") -> dom | C32: 0.5 | D32: Maitena | E32: Mailén | G32: =IF(COUNTIF(D32:F32,"?*")=$D$4,"✅ CUBIERTO", IF(COUNTIF(D32:F32,"?*")>$D$4,"⚠ EXCESO",IF(COUNTIF(D32:F32,"?*")>0,"⚠ FALTANTE", "❌ SIN COMPLETAR"))) -> ✅ CUBIERTO | I32: 45993 | J32: =TEXT(I32,"ddd") -> mar | K32: 0.5 | L32: Maitena | M32: Maitena | O32: =IF(COUNTIF(L32:N32,"?*")>=$L$4, "✅ CUBIERTO", IF(COUNTIF(L32:N32,"?*")>0, "⚠ FALTANTE", "❌ SIN COMPLETAR")) -> ✅ CUBIERTO
A33: 45963 | B33: =TEXT(A33,"ddd") -> dom | C33: 0.54166667 | D33: Maitena | E33: Mailén | G33: =IF(COUNTIF(D33:F33,"?*")=$D$4,"✅ CUBIERTO", IF(COUNTIF(D33:F33,"?*")>$D$4,"⚠ EXCESO",IF(COUNTIF(D33:F33,"?*")>0,"⚠ FALTANTE", "❌ SIN COMPLETAR"))) -> ✅ CUBIERTO | I33: 45993 | J33: =TEXT(I33,"ddd") -> mar | K33: 0.54166667 | L33: Maitena | M33: Maitena | O33: =IF(COUNTIF(L33:N33,"?*")>=$L$4, "✅ CUBIERTO", IF(COUNTIF(L33:N33,"?*")>0, "⚠ FALTANTE", "❌ SIN COMPLETAR")) -> ✅ CUBIERTO
... A237: 45985 | B237: =TEXT(A237,"ddd") -> lun | C237: 0.79166667 | D237: Candela | E237: Micaela | G237: =IF(COUNTIF(D237:F237,"?*")=$D$4,"✅ CUBIERTO", IF(COUNTIF(D237:F237,"?*")>$D$4,"⚠ EXCESO",IF(COUNTIF(D237:F237,"?*")>0,"⚠ FALTANTE", "❌ SIN COMPLETAR"))) -> ✅ CUBIERTO | I237: 46015 | J237: =TEXT(I237,"ddd") -> mié | K237: 0.79166667 | L237: Maitena | M237: Maitena | O237: =IF(COUNTIF(L237:N237,"?*")>=$L$4, "✅ CUBIERTO", IF(COUNTIF(L237:N237,"?*")>0, "⚠ FALTANTE", "❌ SIN COMPLETAR")) -> ✅ CUBIERTO
A238: 45986 | B238: =TEXT(A238,"ddd") -> mar | C238: 0.45833333 | D238: Maitena | E238: Maitena | G238: =IF(COUNTIF(D238:F238,"?*")=$D$4,"✅ CUBIERTO", IF(COUNTIF(D238:F238,"?*")>$D$4,"⚠ EXCESO",IF(COUNTIF(D238:F238,"?*")>0,"⚠ FALTANTE", "❌ SIN COMPLETAR"))) -> ✅ CUBIERTO | I238: 46016 | J238: =TEXT(I238,"ddd") -> jue | K238: 0.45833333 | O238: FERIADO
A239: 45986 | B239: =TEXT(A239,"ddd") -> mar | C239: 0.5 | D239: Maitena | E239: Maitena | G239: =IF(COUNTIF(D239:F239,"?*")=$D$4,"✅ CUBIERTO", IF(COUNTIF(D239:F239,"?*")>$D$4,"⚠ EXCESO",IF(COUNTIF(D239:F239,"?*")>0,"⚠ FALTANTE", "❌ SIN COMPLETAR"))) -> ✅ CUBIERTO | I239: 46016 | J239: =TEXT(I239,"ddd") -> jue | K239: 0.5 | O239: FERIADO
A240: 45986 | B240: =TEXT(A240,"ddd") -> mar | C240: 0.54166667 | D240: Maitena | E240: Maitena | G240: =IF(COUNTIF(D240:F240,"?*")=$D$4,"✅ CUBIERTO", IF(COUNTIF(D240:F240,"?*")>$D$4,"⚠ EXCESO",IF(COUNTIF(D240:F240,"?*")>0,"⚠ FALTANTE", "❌ SIN COMPLETAR"))) -> ✅ CUBIERTO | I240: 46016 | J240: =TEXT(I240,"ddd") -> jue | K240: 0.54166667 | O240: FERIADO
A241: 45986 | B241: =TEXT(A241,"ddd") -> mar | C241: 0.58333333 | D241: Maitena | E241: Maitena | G241: =IF(COUNTIF(D241:F241,"?*")=$D$4,"✅ CUBIERTO", IF(COUNTIF(D241:F241,"?*")>$D$4,"⚠ EXCESO",IF(COUNTIF(D241:F241,"?*")>0,"⚠ FALTANTE", "❌ SIN COMPLETAR"))) -> ✅ CUBIERTO | I241: 46016 | J241: =TEXT(I241,"ddd") -> jue | K241: 0.58333333 | O241: FERIADO
A242: 45986 | B242: =TEXT(A242,"ddd") -> mar | C242: 0.625 | D242: Maitena | E242: Maitena | G242: =IF(COUNTIF(D242:F242,"?*")=$D$4,"✅ CUBIERTO", IF(COUNTIF(D242:F242,"?*")>$D$4,"⚠ EXCESO",IF(COUNTIF(D242:F242,"?*")>0,"⚠ FALTANTE", "❌ SIN COMPLETAR"))) -> ✅ CUBIERTO | I242: 46016 | J242: =TEXT(I242,"ddd") -> jue | K242: 0.625 | O242: FERIADO
A243: 45986 | B243: =TEXT(A243,"ddd") -> mar | C243: 0.66666667 | D243: Maitena | E243: Maitena | G243: =IF(COUNTIF(D243:F243,"?*")=$D$4,"✅ CUBIERTO", IF(COUNTIF(D243:F243,"?*")>$D$4,"⚠ EXCESO",IF(COUNTIF(D243:F243,"?*")>0,"⚠ FALTANTE", "❌ SIN COMPLETAR"))) -> ✅ CUBIERTO | I243: 46016 | J243: =TEXT(I243,"ddd") -> jue | K243: 0.66666667 | O243: FERIADO
A244: 45986 | B244: =TEXT(A244,"ddd") -> mar | C244: 0.70833333 | D244: Maitena | E244: Maitena | G244: =IF(COUNTIF(D244:F244,"?*")=$D$4,"✅ CUBIERTO", IF(COUNTIF(D244:F244,"?*")>$D$4,"⚠ EXCESO",IF(COUNTIF(D244:F244,"?*")>0,"⚠ FALTANTE", "❌ SIN COMPLETAR"))) -> ✅ CUBIERTO | I244: 46016 | J244: =TEXT(I244,"ddd") -> jue | K244: 0.70833333 | O244: FERIADO
A245: 45986 | B245: =TEXT(A245,"ddd") -> mar | C245: 0.75 | D245: Maitena | E245: Maitena | G245: =IF(COUNTIF(D245:F245,"?*")=$D$4,"✅ CUBIERTO", IF(COUNTIF(D245:F245,"?*")>$D$4,"⚠ EXCESO",IF(COUNTIF(D245:F245,"?*")>0,"⚠ FALTANTE", "❌ SIN COMPLETAR"))) -> ✅ CUBIERTO | I245: 46016 | J245: =TEXT(I245,"ddd") -> jue | K245: 0.75 | O245: FERIADO
A246: 45986 | B246: =TEXT(A246,"ddd") -> mar | C246: 0.79166667 | D246: Maitena | E246: Maitena | G246: =IF(COUNTIF(D246:F246,"?*")=$D$4,"✅ CUBIERTO", IF(COUNTIF(D246:F246,"?*")>$D$4,"⚠ EXCESO",IF(COUNTIF(D246:F246,"?*")>0,"⚠ FALTANTE", "❌ SIN COMPLETAR"))) -> ✅ CUBIERTO | I246: 46016 | J246: =TEXT(I246,"ddd") -> jue | K246: 0.79166667 | O246: FERIADO
A247: 45987 | B247: =TEXT(A247,"ddd") -> mié | C247: 0.45833333 | D247: Maitena | E247: Maitena | G247: =IF(COUNTIF(D247:F247,"?*")=$D$4,"✅ CUBIERTO", IF(COUNTIF(D247:F247,"?*")>$D$4,"⚠ EXCESO",IF(COUNTIF(D247:F247,"?*")>0,"⚠ FALTANTE", "❌ SIN COMPLETAR"))) -> ✅ CUBIERTO | I247: 46017 | J247: =TEXT(I247,"ddd") -> vie | K247: 0.45833333 | L247: Maitena | M247: Maitena | O247: =IF(COUNTIF(L247:N247,"?*")>=$L$4, "✅ CUBIERTO", IF(COUNTIF(L247:N247,"?*")>0, "⚠ FALTANTE", "❌ SIN COMPLETAR")) -> ✅ CUBIERTO
A248: 45987 | B248: =TEXT(A248,"ddd") -> mié | C248: 0.5 | D248: Maitena | E248: Maitena | G248: =IF(COUNTIF(D248:F248,"?*")=$D$4,"✅ CUBIERTO", IF(COUNTIF(D248:F248,"?*")>$D$4,"⚠ EXCESO",IF(COUNTIF(D248:F248,"?*")>0,"⚠ FALTANTE", "❌ SIN COMPLETAR"))) -> ✅ CUBIERTO | I248: 46017 | J248: =TEXT(I248,"ddd") -> vie | K248: 0.5 | L248: Maitena | M248: Maitena | O248: =IF(COUNTIF(L248:N248,"?*")>=$L$4, "✅ CUBIERTO", IF(COUNTIF(L248:N248,"?*")>0, "⚠ FALTANTE", "❌ SIN COMPLETAR")) -> ✅ CUBIERTO
A249: 45987 | B249: =TEXT(A249,"ddd") -> mié | C249: 0.54166667 | D249: Maitena | E249: Maitena | G249: =IF(COUNTIF(D249:F249,"?*")=$D$4,"✅ CUBIERTO", IF(COUNTIF(D249:F249,"?*")>$D$4,"⚠ EXCESO",IF(COUNTIF(D249:F249,"?*")>0,"⚠ FALTANTE", "❌ SIN COMPLETAR"))) -> ✅ CUBIERTO | I249: 46017 | J249: =TEXT(I249,"ddd") -> vie | K249: 0.54166667 | L249: Maitena | M249: Maitena | O249: =IF(COUNTIF(L249:N249,"?*")>=$L$4, "✅ CUBIERTO", IF(COUNTIF(L249:N249,"?*")>0, "⚠ FALTANTE", "❌ SIN COMPLETAR")) -> ✅ CUBIERTO
A250: 45987 | B250: =TEXT(A250,"ddd") -> mié | C250: 0.58333333 | D250: Maitena | E250: Maitena | G250: =IF(COUNTIF(D250:F250,"?*")=$D$4,"✅ CUBIERTO", IF(COUNTIF(D250:F250,"?*")>$D$4,"⚠ EXCESO",IF(COUNTIF(D250:F250,"?*")>0,"⚠ FALTANTE", "❌ SIN COMPLETAR"))) -> ✅ CUBIERTO | I250: 46017 | J250: =TEXT(I250,"ddd") -> vie | K250: 0.58333333 | L250: Maitena | M250: Maitena | O250: =IF(COUNTIF(L250:N250,"?*")>=$L$4, "✅ CUBIERTO", IF(COUNTIF(L250:N250,"?*")>0, "⚠ FALTANTE", "❌ SIN COMPLETAR")) -> ✅ CUBIERTO
A251: 45987 | B251: =TEXT(A251,"ddd") -> mié | C251: 0.625 | D251: Maitena | E251: Maitena | G251: =IF(COUNTIF(D251:F251,"?*")=$D$4,"✅ CUBIERTO", IF(COUNTIF(D251:F251,"?*")>$D$4,"⚠ EXCESO",IF(COUNTIF(D251:F251,"?*")>0,"⚠ FALTANTE", "❌ SIN COMPLETAR"))) -> ✅ CUBIERTO | I251: 46017 | J251: =TEXT(I251,"ddd") -> vie | K251: 0.625 | L251: Maitena | M251: Maitena | O251: =IF(COUNTIF(L251:N251,"?*")>=$L$4, "✅ CUBIERTO", IF(COUNTIF(L251:N251,"?*")>0, "⚠ FALTANTE", "❌ SIN COMPLETAR")) -> ✅ CUBIERTO
A252: 45987 | B252: =TEXT(A252,"ddd") -> mié | C252: 0.66666667 | D252: Maitena | E252: Maitena | G252: =IF(COUNTIF(D252:F252,"?*")=$D$4,"✅ CUBIERTO", IF(COUNTIF(D252:F252,"?*")>$D$4,"⚠ EXCESO",IF(COUNTIF(D252:F252,"?*")>0,"⚠ FALTANTE", "❌ SIN COMPLETAR"))) -> ✅ CUBIERTO | I252: 46017 | J252: =TEXT(I252,"ddd") -> vie | K252: 0.66666667 | L252: Maitena | M252: Maitena | O252: =IF(COUNTIF(L252:N252,"?*")>=$L$4, "✅ CUBIERTO", IF(COUNTIF(L252:N252,"?*")>0, "⚠ FALTANTE", "❌ SIN COMPLETAR")) -> ✅ CUBIERTO
A253: 45987 | B253: =TEXT(A253,"ddd") -> mié | C253: 0.70833333 | D253: Maitena | E253: Maitena | G253: =IF(COUNTIF(D253:F253,"?*")=$D$4,"✅ CUBIERTO", IF(COUNTIF(D253:F253,"?*")>$D$4,"⚠ EXCESO",IF(COUNTIF(D253:F253,"?*")>0,"⚠ FALTANTE", "❌ SIN COMPLETAR"))) -> ✅ CUBIERTO | I253: 46017 | J253: =TEXT(I253,"ddd") -> vie | K253: 0.70833333 | L253: Maitena | M253: Maitena | O253: =IF(COUNTIF(L253:N253,"?*")>=$L$4, "✅ CUBIERTO", IF(COUNTIF(L253:N253,"?*")>0, "⚠ FALTANTE", "❌ SIN COMPLETAR")) -> ✅ CUBIERTO
A254: 45987 | B254: =TEXT(A254,"ddd") -> mié | C254: 0.75 | D254: Maitena | E254: Maitena | G254: =IF(COUNTIF(D254:F254,"?*")=$D$4,"✅ CUBIERTO", IF(COUNTIF(D254:F254,"?*")>$D$4,"⚠ EXCESO",IF(COUNTIF(D254:F254,"?*")>0,"⚠ FALTANTE", "❌ SIN COMPLETAR"))) -> ✅ CUBIERTO | I254: 46017 | J254: =TEXT(I254,"ddd") -> vie | K254: 0.75 | L254: Maitena | M254: Maitena | O254: =IF(COUNTIF(L254:N254,"?*")>=$L$4, "✅ CUBIERTO", IF(COUNTIF(L254:N254,"?*")>0, "⚠ FALTANTE", "❌ SIN COMPLETAR")) -> ✅ CUBIERTO
A255: 45987 | B255: =TEXT(A255,"ddd") -> mié | C255: 0.79166667 | D255: Maitena | E255: Maitena | G255: =IF(COUNTIF(D255:F255,"?*")=$D$4,"✅ CUBIERTO", IF(COUNTIF(D255:F255,"?*")>$D$4,"⚠ EXCESO",IF(COUNTIF(D255:F255,"?*")>0,"⚠ FALTANTE", "❌ SIN COMPLETAR"))) -> ✅ CUBIERTO | I255: 46017 | J255: =TEXT(I255,"ddd") -> vie | K255: 0.79166667 | L255: Maitena | M255: Maitena | O255: =IF(COUNTIF(L255:N255,"?*")>=$L$4, "✅ CUBIERTO", IF(COUNTIF(L255:N255,"?*")>0, "⚠ FALTANTE", "❌ SIN COMPLETAR")) -> ✅ CUBIERTO
A256: 45988 | B256: =TEXT(A256,"ddd") -> jue | C256: 0.45833333 | D256: Maitena | E256: Maitena | G256: =IF(COUNTIF(D256:F256,"?*")=$D$4,"✅ CUBIERTO", IF(COUNTIF(D256:F256,"?*")>$D$4,"⚠ EXCESO",IF(COUNTIF(D256:F256,"?*")>0,"⚠ FALTANTE", "❌ SIN COMPLETAR"))) -> ✅ CUBIERTO | I256: 46018 | J256: =TEXT(I256,"ddd") -> sáb | K256: 0.45833333 | L256: Maitena | M256: Maitena | O256: =IF(COUNTIF(L256:N256,"?*")>=$L$4, "✅ CUBIERTO", IF(COUNTIF(L256:N256,"?*")>0, "⚠ FALTANTE", "❌ SIN COMPLETAR")) -> ✅ CUBIERTO
A257: 45988 | B257: =TEXT(A257,"ddd") -> jue | C257: 0.5 | D257: Maitena | E257: Maitena | G257: =IF(COUNTIF(D257:F257,"?*")=$D$4,"✅ CUBIERTO", IF(COUNTIF(D257:F257,"?*")>$D$4,"⚠ EXCESO",IF(COUNTIF(D257:F257,"?*")>0,"⚠ FALTANTE", "❌ SIN COMPLETAR"))) -> ✅ CUBIERTO | I257: 46018 | J257: =TEXT(I257,"ddd") -> sáb | K257: 0.5 | L257: Maitena | M257: Maitena | O257: =IF(COUNTIF(L257:N257,"?*")>=$L$4, "✅ CUBIERTO", IF(COUNTIF(L257:N257,"?*")>0, "⚠ FALTANTE", "❌ SIN COMPLETAR")) -> ✅ CUBIERTO
A258: 45988 | B258: =TEXT(A258,"ddd") -> jue | C258: 0.54166667 | D258: Maitena | E258: Maitena | G258: =IF(COUNTIF(D258:F258,"?*")=$D$4,"✅ CUBIERTO", IF(COUNTIF(D258:F258,"?*")>$D$4,"⚠ EXCESO",IF(COUNTIF(D258:F258,"?*")>0,"⚠ FALTANTE", "❌ SIN COMPLETAR"))) -> ✅ CUBIERTO | I258: 46018 | J258: =TEXT(I258,"ddd") -> sáb | K258: 0.54166667 | L258: Maitena | M258: Maitena | O258: =IF(COUNTIF(L258:N258,"?*")>=$L$4, "✅ CUBIERTO", IF(COUNTIF(L258:N258,"?*")>0, "⚠ FALTANTE", "❌ SIN COMPLETAR")) -> ✅ CUBIERTO
... A291: 45991 | B291: =TEXT(A291,"ddd") -> dom | C291: 0.79166667 | D291: Maitena | E291: Maitena | G291: =IF(COUNTIF(D291:F291,"?*")=$D$4,"✅ CUBIERTO", IF(COUNTIF(D291:F291,"?*")>$D$4,"⚠ EXCESO",IF(COUNTIF(D291:F291,"?*")>0,"⚠ FALTANTE", "❌ SIN COMPLETAR"))) -> ✅ CUBIERTO | I291: 46021 | J291: =TEXT(I291,"ddd") -> mar | K291: 0.79166667 | L291: Maitena | M291: Maitena | O291: =IF(COUNTIF(L291:N291,"?*")>=$L$4, "✅ CUBIERTO", IF(COUNTIF(L291:N291,"?*")>0, "⚠ FALTANTE", "❌ SIN COMPLETAR")) -> ✅ CUBIERTO
I292: 46022 | J292: =TEXT(I292,"ddd") -> mié | K292: 0.45833333 | L292: Maitena | M292: Maitena | O292: =IF(COUNTIF(L292:N292,"?*")>=$L$4, "✅ CUBIERTO", IF(COUNTIF(L292:N292,"?*")>0, "⚠ FALTANTE", "❌ SIN COMPLETAR")) -> ✅ CUBIERTO
I293: 46022 | J293: =TEXT(I293,"ddd") -> mié | K293: 0.5 | L293: Maitena | M293: Maitena | O293: =IF(COUNTIF(L293:N293,"?*")>=$L$4, "✅ CUBIERTO", IF(COUNTIF(L293:N293,"?*")>0, "⚠ FALTANTE", "❌ SIN COMPLETAR")) -> ✅ CUBIERTO
I294: 46022 | J294: =TEXT(I294,"ddd") -> mié | K294: 0.54166667 | L294: Maitena | M294: Maitena | O294: =IF(COUNTIF(L294:N294,"?*")>=$L$4, "✅ CUBIERTO", IF(COUNTIF(L294:N294,"?*")>0, "⚠ FALTANTE", "❌ SIN COMPLETAR")) -> ✅ CUBIERTO
I295: 46022 | J295: =TEXT(I295,"ddd") -> mié | K295: 0.58333333 | L295: Maitena | M295: Maitena | O295: =IF(COUNTIF(L295:N295,"?*")>=$L$4, "✅ CUBIERTO", IF(COUNTIF(L295:N295,"?*")>0, "⚠ FALTANTE", "❌ SIN COMPLETAR")) -> ✅ CUBIERTO
I296: 46022 | J296: =TEXT(I296,"ddd") -> mié | K296: 0.625 | L296: Maitena | M296: Maitena | O296: =IF(COUNTIF(L296:N296,"?*")>=$L$4, "✅ CUBIERTO", IF(COUNTIF(L296:N296,"?*")>0, "⚠ FALTANTE", "❌ SIN COMPLETAR")) -> ✅ CUBIERTO
I297: 46022 | J297: =TEXT(I297,"ddd") -> mié | K297: 0.66666667 | L297: Maitena | M297: Maitena | O297: =IF(COUNTIF(L297:N297,"?*")>=$L$4, "✅ CUBIERTO", IF(COUNTIF(L297:N297,"?*")>0, "⚠ FALTANTE", "❌ SIN COMPLETAR")) -> ✅ CUBIERTO
I298: 46022 | J298: =TEXT(I298,"ddd") -> mié | K298: 0.70833333 | L298: Maitena | M298: Maitena | O298: =IF(COUNTIF(L298:N298,"?*")>=$L$4, "✅ CUBIERTO", IF(COUNTIF(L298:N298,"?*")>0, "⚠ FALTANTE", "❌ SIN COMPLETAR")) -> ✅ CUBIERTO
I299: 46022 | J299: =TEXT(I299,"ddd") -> mié | K299: 0.75 | L299: Maitena | M299: Maitena | O299: =IF(COUNTIF(L299:N299,"?*")>=$L$4, "✅ CUBIERTO", IF(COUNTIF(L299:N299,"?*")>0, "⚠ FALTANTE", "❌ SIN COMPLETAR")) -> ✅ CUBIERTO
I300: 46022 | J300: =TEXT(I300,"ddd") -> mié | K300: 0.79166667 | L300: Maitena | M300: Maitena | O300: =IF(COUNTIF(L300:N300,"?*")>=$L$4, "✅ CUBIERTO", IF(COUNTIF(L300:N300,"?*")>0, "⚠ FALTANTE", "❌ SIN COMPLETAR")) -> ✅ CUBIERTO

Sheet Guemes
A1: GUEMES | I1: GUEMES
A2: NOVIEMBRE | I2: DICIEMBRE
A4: Personal Mínimo Requerido por turno: | D4: 1 | I4: Personal Mínimo Requerido por turno: | L4: 1
A6: Resumen de horas por vendedora | I6: Resumen de horas por vendedora
A7: Vendedoras | B7: Horas normales trabajadas | C7: Horas feriados trabajados | D7: Horas totales trabajadas | G7: HORAS EN GÜEMES | I7: Vendedoras | J7: Horas trabajadas | K7: Horas feriados no trabajados | L7: Horas totales | M7: Horas máximas | O7: HORAS
A8: ='Resumen zona'!A6 -> Sofía | B8: =SUMPRODUCT((TablaFloridaNov[Vendedora 1]=A8)+(TablaFloridaNov[Vendedora 2]=A8)+(TablaFloridaNov[Vendedora 3]=A8),--(TablaFloridaNov[Día]<>$G$14)) + SUMPRODUCT((TablaGuemesNov[Vendedora 1]=A8)+(TablaGuemesNov[Vendedora 2]=A8)+(TablaGuemesNov[Vendedora 3]=A8),--(TablaGuemesNov[Día]<>$G$14)) + SUMPRODUCT((TablaRecoletaNov[Vendedora 1]=A8)+(TablaRecoletaNov[Vendedora 2]=A8)+(TablaRecoletaNov[Vendedora 3]=A8),--(TablaRecoletaNov[Día]<>$G$14)) -> 143 | C8: =SUMPRODUCT((TablaFloridaNov[Vendedora 1]=A8)+(TablaFloridaNov[Vendedora 2]=A8)+(TablaFloridaNov[Vendedora 3]=A8),--(TablaFloridaNov[Día]=$G$14)) + SUMPRODUCT((TablaGuemesNov[Vendedora 1]=A8)+(TablaGuemesNov[Vendedora 2]=A8)+(TablaGuemesNov[Vendedora 3]=A8),--(TablaGuemesNov[Día]=$G$14)) + SUMPRODUCT((TablaRecoletaNov[Vendedora 1]=A8)+(TablaRecoletaNov[Vendedora 2]=A8)+(TablaRecoletaNov[Vendedora 3]=A8),--(TablaRecoletaNov[Día]=$G$14)) -> 9 | D8: =SUM(B8:C8) -> 152 | G8: Máximas | I8: ='Resumen zona'!A25 -> Sofía | J8: =COUNTIF(TablaGuemesDic[[Vendedora 1]:[Vendedora 3]],I8) -> 9 | L8: =J8+K8 -> 9 | M8: 132 | O8: Máximas
A9: ='Resumen zona'!A7 -> Giselle | B9: =SUMPRODUCT((TablaFloridaNov[Vendedora 1]=A9)+(TablaFloridaNov[Vendedora 2]=A9)+(TablaFloridaNov[Vendedora 3]=A9),--(TablaFloridaNov[Día]<>$G$14)) + SUMPRODUCT((TablaGuemesNov[Vendedora 1]=A9)+(TablaGuemesNov[Vendedora 2]=A9)+(TablaGuemesNov[Vendedora 3]=A9),--(TablaGuemesNov[Día]<>$G$14)) + SUMPRODUCT((TablaRecoletaNov[Vendedora 1]=A9)+(TablaRecoletaNov[Vendedora 2]=A9)+(TablaRecoletaNov[Vendedora 3]=A9),--(TablaRecoletaNov[Día]<>$G$14)) -> 0 | C9: =SUMPRODUCT((TablaFloridaNov[Vendedora 1]=A9)+(TablaFloridaNov[Vendedora 2]=A9)+(TablaFloridaNov[Vendedora 3]=A9),--(TablaFloridaNov[Día]=$G$14)) + SUMPRODUCT((TablaGuemesNov[Vendedora 1]=A9)+(TablaGuemesNov[Vendedora 2]=A9)+(TablaGuemesNov[Vendedora 3]=A9),--(TablaGuemesNov[Día]=$G$14)) + SUMPRODUCT((TablaRecoletaNov[Vendedora 1]=A9)+(TablaRecoletaNov[Vendedora 2]=A9)+(TablaRecoletaNov[Vendedora 3]=A9),--(TablaRecoletaNov[Día]=$G$14)) -> 0 | D9: =SUM(B9:C9) -> 0 | G9: ='Resumen zona'!M6 -> 300 | I9: ='Resumen zona'!A26 -> Giselle | J9: =COUNTIF(TablaGuemesDic[[Vendedora 1]:[Vendedora 3]],I9) -> 0 | L9: =J9+K9 -> 0 | M9: 132 | O9: 600
A10: ='Resumen zona'!A8 -> Maitena | B10: =SUMPRODUCT((TablaFloridaNov[Vendedora 1]=A10)+(TablaFloridaNov[Vendedora 2]=A10)+(TablaFloridaNov[Vendedora 3]=A10),--(TablaFloridaNov[Día]<>$G$14)) + SUMPRODUCT((TablaGuemesNov[Vendedora 1]=A10)+(TablaGuemesNov[Vendedora 2]=A10)+(TablaGuemesNov[Vendedora 3]=A10),--(TablaGuemesNov[Día]<>$G$14)) + SUMPRODUCT((TablaRecoletaNov[Vendedora 1]=A10)+(TablaRecoletaNov[Vendedora 2]=A10)+(TablaRecoletaNov[Vendedora 3]=A10),--(TablaRecoletaNov[Día]<>$G$14)) -> 504 | C10: =SUMPRODUCT((TablaFloridaNov[Vendedora 1]=A10)+(TablaFloridaNov[Vendedora 2]=A10)+(TablaFloridaNov[Vendedora 3]=A10),--(TablaFloridaNov[Día]=$G$14)) + SUMPRODUCT((TablaGuemesNov[Vendedora 1]=A10)+(TablaGuemesNov[Vendedora 2]=A10)+(TablaGuemesNov[Vendedora 3]=A10),--(TablaGuemesNov[Día]=$G$14)) + SUMPRODUCT((TablaRecoletaNov[Vendedora 1]=A10)+(TablaRecoletaNov[Vendedora 2]=A10)+(TablaRecoletaNov[Vendedora 3]=A10),--(TablaRecoletaNov[Día]=$G$14)) -> 8 | D10: =SUM(B10:C10) -> 512 | G10: Ocupadas | I10: ='Resumen zona'!A27 -> Maitena | J10: =COUNTIF(TablaGuemesDic[[Vendedora 1]:[Vendedora 3]],I10) -> 204 | K10: 4 | L10: =J10+K10 -> 208 | M10: 132 | O10: Ocupadas
A11: ='Resumen zona'!A9 -> Candela I. | B11: =SUMPRODUCT((TablaFloridaNov[Vendedora 1]=A11)+(TablaFloridaNov[Vendedora 2]=A11)+(TablaFloridaNov[Vendedora 3]=A11),--(TablaFloridaNov[Día]<>$G$14)) + SUMPRODUCT((TablaGuemesNov[Vendedora 1]=A11)+(TablaGuemesNov[Vendedora 2]=A11)+(TablaGuemesNov[Vendedora 3]=A11),--(TablaGuemesNov[Día]<>$G$14)) + SUMPRODUCT((TablaRecoletaNov[Vendedora 1]=A11)+(TablaRecoletaNov[Vendedora 2]=A11)+(TablaRecoletaNov[Vendedora 3]=A11),--(TablaRecoletaNov[Día]<>$G$14)) -> 12 | C11: =SUMPRODUCT((TablaFloridaNov[Vendedora 1]=A11)+(TablaFloridaNov[Vendedora 2]=A11)+(TablaFloridaNov[Vendedora 3]=A11),--(TablaFloridaNov[Día]=$G$14)) + SUMPRODUCT((TablaGuemesNov[Vendedora 1]=A11)+(TablaGuemesNov[Vendedora 2]=A11)+(TablaGuemesNov[Vendedora 3]=A11),--(TablaGuemesNov[Día]=$G$14)) + SUMPRODUCT((TablaRecoletaNov[Vendedora 1]=A11)+(TablaRecoletaNov[Vendedora 2]=A11)+(TablaRecoletaNov[Vendedora 3]=A11),--(TablaRecoletaNov[Día]=$G$14)) -> 0 | D11: =SUM(B11:C11) -> 12 | G11: =COUNTA(D22:F273) -> 180 | I11: ='Resumen zona'!A28 -> Candela I. | J11: =COUNTIF(TablaGuemesDic[[Vendedora 1]:[Vendedora 3]],I11) -> 0 | K11: 4 | L11: =J11+K11 -> 4 | M11: 132 | O11: =COUNTA(L22:N246) -> 216
A12: ='Resumen zona'!A10 -> Luciana | B12: =SUMPRODUCT((TablaFloridaNov[Vendedora 1]=A12)+(TablaFloridaNov[Vendedora 2]=A12)+(TablaFloridaNov[Vendedora 3]=A12),--(TablaFloridaNov[Día]<>$G$14)) + SUMPRODUCT((TablaGuemesNov[Vendedora 1]=A12)+(TablaGuemesNov[Vendedora 2]=A12)+(TablaGuemesNov[Vendedora 3]=A12),--(TablaGuemesNov[Día]<>$G$14)) + SUMPRODUCT((TablaRecoletaNov[Vendedora 1]=A12)+(TablaRecoletaNov[Vendedora 2]=A12)+(TablaRecoletaNov[Vendedora 3]=A12),--(TablaRecoletaNov[Día]<>$G$14)) -> 0 | C12: =SUMPRODUCT((TablaFloridaNov[Vendedora 1]=A12)+(TablaFloridaNov[Vendedora 2]=A12)+(TablaFloridaNov[Vendedora 3]=A12),--(TablaFloridaNov[Día]=$G$14)) + SUMPRODUCT((TablaGuemesNov[Vendedora 1]=A12)+(TablaGuemesNov[Vendedora 2]=A12)+(TablaGuemesNov[Vendedora 3]=A12),--(TablaGuemesNov[Día]=$G$14)) + SUMPRODUCT((TablaRecoletaNov[Vendedora 1]=A12)+(TablaRecoletaNov[Vendedora 2]=A12)+(TablaRecoletaNov[Vendedora 3]=A12),--(TablaRecoletaNov[Día]=$G$14)) -> 0 | D12: =SUM(B12:C12) -> 0 | I12: ='Resumen zona'!A29 -> Luciana | J12: =COUNTIF(TablaGuemesDic[[Vendedora 1]:[Vendedora 3]],I12) -> 0 | L12: =J12+K12 -> 0 | M12: 132
A13: ='Resumen zona'!A11 -> Bárbara | B13: =SUMPRODUCT((TablaFloridaNov[Vendedora 1]=A13)+(TablaFloridaNov[Vendedora 2]=A13)+(TablaFloridaNov[Vendedora 3]=A13),--(TablaFloridaNov[Día]<>$G$14)) + SUMPRODUCT((TablaGuemesNov[Vendedora 1]=A13)+(TablaGuemesNov[Vendedora 2]=A13)+(TablaGuemesNov[Vendedora 3]=A13),--(TablaGuemesNov[Día]<>$G$14)) + SUMPRODUCT((TablaRecoletaNov[Vendedora 1]=A13)+(TablaRecoletaNov[Vendedora 2]=A13)+(TablaRecoletaNov[Vendedora 3]=A13),--(TablaRecoletaNov[Día]<>$G$14)) -> 0 | C13: =SUMPRODUCT((TablaFloridaNov[Vendedora 1]=A13)+(TablaFloridaNov[Vendedora 2]=A13)+(TablaFloridaNov[Vendedora 3]=A13),--(TablaFloridaNov[Día]=$G$14)) + SUMPRODUCT((TablaGuemesNov[Vendedora 1]=A13)+(TablaGuemesNov[Vendedora 2]=A13)+(TablaGuemesNov[Vendedora 3]=A13),--(TablaGuemesNov[Día]=$G$14)) + SUMPRODUCT((TablaRecoletaNov[Vendedora 1]=A13)+(TablaRecoletaNov[Vendedora 2]=A13)+(TablaRecoletaNov[Vendedora 3]=A13),--(TablaRecoletaNov[Día]=$G$14)) -> 0 | D13: =SUM(B13:C13) -> 0 | G13: FERIADOS | I13: ='Resumen zona'!A30 -> Bárbara | J13: =COUNTIF(TablaGuemesDic[[Vendedora 1]:[Vendedora 3]],I13) -> 0 | K13: 4 | L13: =J13+K13 -> 4 | M13: 132 | O13: FERIADOS
A14: ='Resumen zona'!A12 -> Rocío | B14: =SUMPRODUCT((TablaFloridaNov[Vendedora 1]=A14)+(TablaFloridaNov[Vendedora 2]=A14)+(TablaFloridaNov[Vendedora 3]=A14),--(TablaFloridaNov[Día]<>$G$14)) + SUMPRODUCT((TablaGuemesNov[Vendedora 1]=A14)+(TablaGuemesNov[Vendedora 2]=A14)+(TablaGuemesNov[Vendedora 3]=A14),--(TablaGuemesNov[Día]<>$G$14)) + SUMPRODUCT((TablaRecoletaNov[Vendedora 1]=A14)+(TablaRecoletaNov[Vendedora 2]=A14)+(TablaRecoletaNov[Vendedora 3]=A14),--(TablaRecoletaNov[Día]<>$G$14)) -> 68 | C14: =SUMPRODUCT((TablaFloridaNov[Vendedora 1]=A14)+(TablaFloridaNov[Vendedora 2]=A14)+(TablaFloridaNov[Vendedora 3]=A14),--(TablaFloridaNov[Día]=$G$14)) + SUMPRODUCT((TablaGuemesNov[Vendedora 1]=A14)+(TablaGuemesNov[Vendedora 2]=A14)+(TablaGuemesNov[Vendedora 3]=A14),--(TablaGuemesNov[Día]=$G$14)) + SUMPRODUCT((TablaRecoletaNov[Vendedora 1]=A14)+(TablaRecoletaNov[Vendedora 2]=A14)+(TablaRecoletaNov[Vendedora 3]=A14),--(TablaRecoletaNov[Día]=$G$14)) -> 11 | D14: =SUM(B14:C14) -> 79 | G14: ='Resumen zona'!K11 -> 45985 | I14: ='Resumen zona'!A31 -> Rocío | J14: =COUNTIF(TablaGuemesDic[[Vendedora 1]:[Vendedora 3]],I14) -> 0 | L14: =J14+K14 -> 0 | M14: 132 | O14: ='Resumen zona'!K30 -> 45999
A15: ='Resumen zona'!A13 -> Mailén | B15: =SUMPRODUCT((TablaFloridaNov[Vendedora 1]=A15)+(TablaFloridaNov[Vendedora 2]=A15)+(TablaFloridaNov[Vendedora 3]=A15),--(TablaFloridaNov[Día]<>$G$14)) + SUMPRODUCT((TablaGuemesNov[Vendedora 1]=A15)+(TablaGuemesNov[Vendedora 2]=A15)+(TablaGuemesNov[Vendedora 3]=A15),--(TablaGuemesNov[Día]<>$G$14)) + SUMPRODUCT((TablaRecoletaNov[Vendedora 1]=A15)+(TablaRecoletaNov[Vendedora 2]=A15)+(TablaRecoletaNov[Vendedora 3]=A15),--(TablaRecoletaNov[Día]<>$G$14)) -> 12 | C15: =SUMPRODUCT((TablaFloridaNov[Vendedora 1]=A15)+(TablaFloridaNov[Vendedora 2]=A15)+(TablaFloridaNov[Vendedora 3]=A15),--(TablaFloridaNov[Día]=$G$14)) + SUMPRODUCT((TablaGuemesNov[Vendedora 1]=A15)+(TablaGuemesNov[Vendedora 2]=A15)+(TablaGuemesNov[Vendedora 3]=A15),--(TablaGuemesNov[Día]=$G$14)) + SUMPRODUCT((TablaRecoletaNov[Vendedora 1]=A15)+(TablaRecoletaNov[Vendedora 2]=A15)+(TablaRecoletaNov[Vendedora 3]=A15),--(TablaRecoletaNov[Día]=$G$14)) -> 0 | D15: =SUM(B15:C15) -> 12 | I15: ='Resumen zona'!A32 -> Mailén | J15: =COUNTIF(TablaGuemesDic[[Vendedora 1]:[Vendedora 3]],I15) -> 3 | K15: 4 | L15: =J15+K15 -> 7 | M15: 132
A16: ='Resumen zona'!A14 -> Candela G. | B16: =SUMPRODUCT((TablaFloridaNov[Vendedora 1]=A16)+(TablaFloridaNov[Vendedora 2]=A16)+(TablaFloridaNov[Vendedora 3]=A16),--(TablaFloridaNov[Día]<>$G$14)) + SUMPRODUCT((TablaGuemesNov[Vendedora 1]=A16)+(TablaGuemesNov[Vendedora 2]=A16)+(TablaGuemesNov[Vendedora 3]=A16),--(TablaGuemesNov[Día]<>$G$14)) + SUMPRODUCT((TablaRecoletaNov[Vendedora 1]=A16)+(TablaRecoletaNov[Vendedora 2]=A16)+(TablaRecoletaNov[Vendedora 3]=A16),--(TablaRecoletaNov[Día]<>$G$14)) -> 0 | C16: =SUMPRODUCT((TablaFloridaNov[Vendedora 1]=A16)+(TablaFloridaNov[Vendedora 2]=A16)+(TablaFloridaNov[Vendedora 3]=A16),--(TablaFloridaNov[Día]=$G$14)) + SUMPRODUCT((TablaGuemesNov[Vendedora 1]=A16)+(TablaGuemesNov[Vendedora 2]=A16)+(TablaGuemesNov[Vendedora 3]=A16),--(TablaGuemesNov[Día]=$G$14)) + SUMPRODUCT((TablaRecoletaNov[Vendedora 1]=A16)+(TablaRecoletaNov[Vendedora 2]=A16)+(TablaRecoletaNov[Vendedora 3]=A16),--(TablaRecoletaNov[Día]=$G$14)) -> 0 | D16: =SUM(B16:C16) -> 0 | I16: ='Resumen zona'!A33 -> Candela G. | J16: =COUNTIF(TablaGuemesDic[[Vendedora 1]:[Vendedora 3]],I16) -> 0 | L16: =J16+K16 -> 0 | M16: 132
A17: ='Resumen zona'!A15 -> Micaela | B17: =SUMPRODUCT((TablaFloridaNov[Vendedora 1]=A17)+(TablaFloridaNov[Vendedora 2]=A17)+(TablaFloridaNov[Vendedora 3]=A17),--(TablaFloridaNov[Día]<>$G$14)) + SUMPRODUCT((TablaGuemesNov[Vendedora 1]=A17)+(TablaGuemesNov[Vendedora 2]=A17)+(TablaGuemesNov[Vendedora 3]=A17),--(TablaGuemesNov[Día]<>$G$14)) + SUMPRODUCT((TablaRecoletaNov[Vendedora 1]=A17)+(TablaRecoletaNov[Vendedora 2]=A17)+(TablaRecoletaNov[Vendedora 3]=A17),--(TablaRecoletaNov[Día]<>$G$14)) -> 72 | C17: =SUMPRODUCT((TablaFloridaNov[Vendedora 1]=A17)+(TablaFloridaNov[Vendedora 2]=A17)+(TablaFloridaNov[Vendedora 3]=A17),--(TablaFloridaNov[Día]=$G$14)) + SUMPRODUCT((TablaGuemesNov[Vendedora 1]=A17)+(TablaGuemesNov[Vendedora 2]=A17)+(TablaGuemesNov[Vendedora 3]=A17),--(TablaGuemesNov[Día]=$G$14)) + SUMPRODUCT((TablaRecoletaNov[Vendedora 1]=A17)+(TablaRecoletaNov[Vendedora 2]=A17)+(TablaRecoletaNov[Vendedora 3]=A17),--(TablaRecoletaNov[Día]=$G$14)) -> 5 | D17: =SUM(B17:C17) -> 77 | I17: ='Resumen zona'!A34 -> Micaela | J17: =COUNTIF(TablaGuemesDic[[Vendedora 1]:[Vendedora 3]],I17) -> 0 | L17: =J17+K17 -> 0 | M17: 132
A18: ='Resumen zona'!A16 -> [Nueva] | B18: =SUMPRODUCT((TablaFloridaNov[Vendedora 1]=A18)+(TablaFloridaNov[Vendedora 2]=A18)+(TablaFloridaNov[Vendedora 3]=A18),--(TablaFloridaNov[Día]<>$G$14)) + SUMPRODUCT((TablaGuemesNov[Vendedora 1]=A18)+(TablaGuemesNov[Vendedora 2]=A18)+(TablaGuemesNov[Vendedora 3]=A18),--(TablaGuemesNov[Día]<>$G$14)) + SUMPRODUCT((TablaRecoletaNov[Vendedora 1]=A18)+(TablaRecoletaNov[Vendedora 2]=A18)+(TablaRecoletaNov[Vendedora 3]=A18),--(TablaRecoletaNov[Día]<>$G$14)) -> 0 | C18: =SUMPRODUCT((TablaFloridaNov[Vendedora 1]=A18)+(TablaFloridaNov[Vendedora 2]=A18)+(TablaFloridaNov[Vendedora 3]=A18),--(TablaFloridaNov[Día]=$G$14)) + SUMPRODUCT((TablaGuemesNov[Vendedora 1]=A18)+(TablaGuemesNov[Vendedora 2]=A18)+(TablaGuemesNov[Vendedora 3]=A18),--(TablaGuemesNov[Día]=$G$14)) + SUMPRODUCT((TablaRecoletaNov[Vendedora 1]=A18)+(TablaRecoletaNov[Vendedora 2]=A18)+(TablaRecoletaNov[Vendedora 3]=A18),--(TablaRecoletaNov[Día]=$G$14)) -> 0 | D18: =SUM(B18:C18) -> 0 | I18: ='Resumen zona'!A35 -> [Nueva] | J18: =COUNTIF(TablaGuemesDic[[Vendedora 1]:[Vendedora 3]],I18) -> 0 | L18: =J18+K18 -> 0 | M18: 132
A21: Día | B21: Día de semana | C21: Hora | D21: Vendedora 1 | E21: Vendedora 2 | F21: Vendedora 3 | G21: Estado de la hora | I21: Día | J21: Día de semana | K21: Hora | L21: Vendedora 1 | M21: Vendedora 2 | N21: Vendedora 3 | O21: Estado de la hora
A22: 45964 | B22: =TEXT(A22,"ddd") -> lun | C22: 0.375 | D22: Sofía | G22: =IF(COUNTIF(D22:F22,"?*")>=$D$4, "✅ CUBIERTO", IF(COUNTIF(D22:F22,"?*")>0, "⚠ FALTANTE", "❌ SIN COMPLETAR")) -> ✅ CUBIERTO | I22: 45992 | J22: =TEXT(I22,"ddd") -> lun | K22: 0.375 | L22: Maitena | O22: =IF(COUNTIF(L22:N22,"?*")>=$L$4, "✅ CUBIERTO", IF(COUNTIF(L22:N22,"?*")>0, "⚠ FALTANTE", "❌ SIN COMPLETAR")) -> ✅ CUBIERTO
A23: 45964 | B23: =TEXT(A23,"ddd") -> lun | C23: 0.41666667 | D23: Sofía | G23: =IF(COUNTIF(D23:F23,"?*")>=$D$4, "✅ CUBIERTO", IF(COUNTIF(D23:F23,"?*")>0, "⚠ FALTANTE", "❌ SIN COMPLETAR")) -> ✅ CUBIERTO | I23: 45992 | J23: =TEXT(I23,"ddd") -> lun | K23: 0.41666667 | L23: Maitena | O23: =IF(COUNTIF(L23:N23,"?*")>=$L$4, "✅ CUBIERTO", IF(COUNTIF(L23:N23,"?*")>0, "⚠ FALTANTE", "❌ SIN COMPLETAR")) -> ✅ CUBIERTO
A24: 45964 | B24: =TEXT(A24,"ddd") -> lun | C24: 0.45833333 | D24: Sofía | G24: =IF(COUNTIF(D24:F24,"?*")>=$D$4, "✅ CUBIERTO", IF(COUNTIF(D24:F24,"?*")>0, "⚠ FALTANTE", "❌ SIN COMPLETAR")) -> ✅ CUBIERTO | I24: 45992 | J24: =TEXT(I24,"ddd") -> lun | K24: 0.45833333 | L24: Maitena | O24: =IF(COUNTIF(L24:N24,"?*")>=$L$4, "✅ CUBIERTO", IF(COUNTIF(L24:N24,"?*")>0, "⚠ FALTANTE", "❌ SIN COMPLETAR")) -> ✅ CUBIERTO
A25: 45964 | B25: =TEXT(A25,"ddd") -> lun | C25: 0.5 | D25: Sofía | G25: =IF(COUNTIF(D25:F25,"?*")>=$D$4, "✅ CUBIERTO", IF(COUNTIF(D25:F25,"?*")>0, "⚠ FALTANTE", "❌ SIN COMPLETAR")) -> ✅ CUBIERTO | I25: 45992 | J25: =TEXT(I25,"ddd") -> lun | K25: 0.5 | L25: Maitena | O25: =IF(COUNTIF(L25:N25,"?*")>=$L$4, "✅ CUBIERTO", IF(COUNTIF(L25:N25,"?*")>0, "⚠ FALTANTE", "❌ SIN COMPLETAR")) -> ✅ CUBIERTO
A26: 45964 | B26: =TEXT(A26,"ddd") -> lun | C26: 0.54166667 | D26: Sofía | G26: =IF(COUNTIF(D26:F26,"?*")>=$D$4, "✅ CUBIERTO", IF(COUNTIF(D26:F26,"?*")>0, "⚠ FALTANTE", "❌ SIN COMPLETAR")) -> ✅ CUBIERTO | I26: 45992 | J26: =TEXT(I26,"ddd") -> lun | K26: 0.54166667 | L26: Maitena | O26: =IF(COUNTIF(L26:N26,"?*")>=$L$4, "✅ CUBIERTO", IF(COUNTIF(L26:N26,"?*")>0, "⚠ FALTANTE", "❌ SIN COMPLETAR")) -> ✅ CUBIERTO
A27: 45964 | B27: =TEXT(A27,"ddd") -> lun | C27: 0.58333333 | D27: Sofía | G27: =IF(COUNTIF(D27:F27,"?*")>=$D$4, "✅ CUBIERTO", IF(COUNTIF(D27:F27,"?*")>0, "⚠ FALTANTE", "❌ SIN COMPLETAR")) -> ✅ CUBIERTO | I27: 45992 | J27: =TEXT(I27,"ddd") -> lun | K27: 0.58333333 | L27: Maitena | O27: =IF(COUNTIF(L27:N27,"?*")>=$L$4, "✅ CUBIERTO", IF(COUNTIF(L27:N27,"?*")>0, "⚠ FALTANTE", "❌ SIN COMPLETAR")) -> ✅ CUBIERTO
A28: 45964 | B28: =TEXT(A28,"ddd") -> lun | C28: 0.625 | D28: Sofía | G28: =IF(COUNTIF(D28:F28,"?*")>=$D$4, "✅ CUBIERTO", IF(COUNTIF(D28:F28,"?*")>0, "⚠ FALTANTE", "❌ SIN COMPLETAR")) -> ✅ CUBIERTO | I28: 45992 | J28: =TEXT(I28,"ddd") -> lun | K28: 0.625 | L28: Mailén | O28: =IF(COUNTIF(L28:N28,"?*")>=$L$4, "✅ CUBIERTO", IF(COUNTIF(L28:N28,"?*")>0, "⚠ FALTANTE", "❌ SIN COMPLETAR")) -> ✅ CUBIERTO
A29: 45964 | B29: =TEXT(A29,"ddd") -> lun | C29: 0.66666667 | D29: Sofía | G29: =IF(COUNTIF(D29:F29,"?*")>=$D$4, "✅ CUBIERTO", IF(COUNTIF(D29:F29,"?*")>0, "⚠ FALTANTE", "❌ SIN COMPLETAR")) -> ✅ CUBIERTO | I29: 45992 | J29: =TEXT(I29,"ddd") -> lun | K29: 0.66666667 | L29: Mailén | O29: =IF(COUNTIF(L29:N29,"?*")>=$L$4, "✅ CUBIERTO", IF(COUNTIF(L29:N29,"?*")>0, "⚠ FALTANTE", "❌ SIN COMPLETAR")) -> ✅ CUBIERTO
A30: 45964 | B30: =TEXT(A30,"ddd") -> lun | C30: 0.70833333 | D30: Sofía | G30: =IF(COUNTIF(D30:F30,"?*")>=$D$4, "✅ CUBIERTO", IF(COUNTIF(D30:F30,"?*")>0, "⚠ FALTANTE", "❌ SIN COMPLETAR")) -> ✅ CUBIERTO | I30: 45992 | J30: =TEXT(I30,"ddd") -> lun | K30: 0.70833333 | L30: Mailén | O30: =IF(COUNTIF(L30:N30,"?*")>=$L$4, "✅ CUBIERTO", IF(COUNTIF(L30:N30,"?*")>0, "⚠ FALTANTE", "❌ SIN COMPLETAR")) -> ✅ CUBIERTO
A31: 45965 | B31: =TEXT(A31,"ddd") -> mar | C31: 0.375 | D31: Candela | G31: =IF(COUNTIF(D31:F31,"?*")>=$D$4, "✅ CUBIERTO", IF(COUNTIF(D31:F31,"?*")>0, "⚠ FALTANTE", "❌ SIN COMPLETAR")) -> ✅ CUBIERTO | I31: 45993 | J31: =TEXT(I31,"ddd") -> mar | K31: 0.375 | L31: Maitena | O31: =IF(COUNTIF(L31:N31,"?*")>=$L$4, "✅ CUBIERTO", IF(COUNTIF(L31:N31,"?*")>0, "⚠ FALTANTE", "❌ SIN COMPLETAR")) -> ✅ CUBIERTO
A32: 45965 | B32: =TEXT(A32,"ddd") -> mar | C32: 0.41666667 | D32: Candela | G32: =IF(COUNTIF(D32:F32,"?*")>=$D$4, "✅ CUBIERTO", IF(COUNTIF(D32:F32,"?*")>0, "⚠ FALTANTE", "❌ SIN COMPLETAR")) -> ✅ CUBIERTO | I32: 45993 | J32: =TEXT(I32,"ddd") -> mar | K32: 0.41666667 | L32: Maitena | O32: =IF(COUNTIF(L32:N32,"?*")>=$L$4, "✅ CUBIERTO", IF(COUNTIF(L32:N32,"?*")>0, "⚠ FALTANTE", "❌ SIN COMPLETAR")) -> ✅ CUBIERTO
A33: 45965 | B33: =TEXT(A33,"ddd") -> mar | C33: 0.45833333 | D33: Candela | G33: =IF(COUNTIF(D33:F33,"?*")>=$D$4, "✅ CUBIERTO", IF(COUNTIF(D33:F33,"?*")>0, "⚠ FALTANTE", "❌ SIN COMPLETAR")) -> ✅ CUBIERTO | I33: 45993 | J33: =TEXT(I33,"ddd") -> mar | K33: 0.45833333 | L33: Maitena | O33: =IF(COUNTIF(L33:N33,"?*")>=$L$4, "✅ CUBIERTO", IF(COUNTIF(L33:N33,"?*")>0, "⚠ FALTANTE", "❌ SIN COMPLETAR")) -> ✅ CUBIERTO
... A183: 45987 | B183: =TEXT(A183,"ddd") -> mié | C183: 0.70833333 | D183: Sofía | G183: =IF(COUNTIF(D183:F183,"?*")>=$D$4, "✅ CUBIERTO", IF(COUNTIF(D183:F183,"?*")>0, "⚠ FALTANTE", "❌ SIN COMPLETAR")) -> ✅ CUBIERTO | I183: 46015 | J183: =TEXT(I183,"ddd") -> mié | K183: 0.70833333 | L183: Maitena | O183: =IF(COUNTIF(L183:N183,"?*")>=$L$4, "✅ CUBIERTO", IF(COUNTIF(L183:N183,"?*")>0, "⚠ FALTANTE", "❌ SIN COMPLETAR")) -> ✅ CUBIERTO
A184: 45988 | B184: =TEXT(A184,"ddd") -> jue | C184: 0.375 | D184: Sofía | G184: =IF(COUNTIF(D184:F184,"?*")>=$D$4, "✅ CUBIERTO", IF(COUNTIF(D184:F184,"?*")>0, "⚠ FALTANTE", "❌ SIN COMPLETAR")) -> ✅ CUBIERTO | I184: 46016 | J184: =TEXT(I184,"ddd") -> jue | K184: 0.375 | O184: FERIADO
A185: 45988 | B185: =TEXT(A185,"ddd") -> jue | C185: 0.41666667 | D185: Sofía | G185: =IF(COUNTIF(D185:F185,"?*")>=$D$4, "✅ CUBIERTO", IF(COUNTIF(D185:F185,"?*")>0, "⚠ FALTANTE", "❌ SIN COMPLETAR")) -> ✅ CUBIERTO | I185: 46016 | J185: =TEXT(I185,"ddd") -> jue | K185: 0.41666667 | O185: FERIADO
A186: 45988 | B186: =TEXT(A186,"ddd") -> jue | C186: 0.45833333 | D186: Sofía | G186: =IF(COUNTIF(D186:F186,"?*")>=$D$4, "✅ CUBIERTO", IF(COUNTIF(D186:F186,"?*")>0, "⚠ FALTANTE", "❌ SIN COMPLETAR")) -> ✅ CUBIERTO | I186: 46016 | J186: =TEXT(I186,"ddd") -> jue | K186: 0.45833333 | O186: FERIADO
A187: 45988 | B187: =TEXT(A187,"ddd") -> jue | C187: 0.5 | D187: Sofía | G187: =IF(COUNTIF(D187:F187,"?*")>=$D$4, "✅ CUBIERTO", IF(COUNTIF(D187:F187,"?*")>0, "⚠ FALTANTE", "❌ SIN COMPLETAR")) -> ✅ CUBIERTO | I187: 46016 | J187: =TEXT(I187,"ddd") -> jue | K187: 0.5 | O187: FERIADO
A188: 45988 | B188: =TEXT(A188,"ddd") -> jue | C188: 0.54166667 | D188: Sofía | G188: =IF(COUNTIF(D188:F188,"?*")>=$D$4, "✅ CUBIERTO", IF(COUNTIF(D188:F188,"?*")>0, "⚠ FALTANTE", "❌ SIN COMPLETAR")) -> ✅ CUBIERTO | I188: 46016 | J188: =TEXT(I188,"ddd") -> jue | K188: 0.54166667 | O188: FERIADO
A189: 45988 | B189: =TEXT(A189,"ddd") -> jue | C189: 0.58333333 | D189: Sofía | G189: =IF(COUNTIF(D189:F189,"?*")>=$D$4, "✅ CUBIERTO", IF(COUNTIF(D189:F189,"?*")>0, "⚠ FALTANTE", "❌ SIN COMPLETAR")) -> ✅ CUBIERTO | I189: 46016 | J189: =TEXT(I189,"ddd") -> jue | K189: 0.58333333 | O189: FERIADO
A190: 45988 | B190: =TEXT(A190,"ddd") -> jue | C190: 0.625 | D190: Sofía | G190: =IF(COUNTIF(D190:F190,"?*")>=$D$4, "✅ CUBIERTO", IF(COUNTIF(D190:F190,"?*")>0, "⚠ FALTANTE", "❌ SIN COMPLETAR")) -> ✅ CUBIERTO | I190: 46016 | J190: =TEXT(I190,"ddd") -> jue | K190: 0.625 | O190: FERIADO
A191: 45988 | B191: =TEXT(A191,"ddd") -> jue | C191: 0.66666667 | D191: Sofía | G191: =IF(COUNTIF(D191:F191,"?*")>=$D$4, "✅ CUBIERTO", IF(COUNTIF(D191:F191,"?*")>0, "⚠ FALTANTE", "❌ SIN COMPLETAR")) -> ✅ CUBIERTO | I191: 46016 | J191: =TEXT(I191,"ddd") -> jue | K191: 0.66666667 | O191: FERIADO
A192: 45988 | B192: =TEXT(A192,"ddd") -> jue | C192: 0.70833333 | D192: Sofía | G192: =IF(COUNTIF(D192:F192,"?*")>=$D$4, "✅ CUBIERTO", IF(COUNTIF(D192:F192,"?*")>0, "⚠ FALTANTE", "❌ SIN COMPLETAR")) -> ✅ CUBIERTO | I192: 46016 | J192: =TEXT(I192,"ddd") -> jue | K192: 0.70833333 | O192: FERIADO
A193: 45989 | B193: =TEXT(A193,"ddd") -> vie | C193: 0.375 | D193: Sofía | G193: =IF(COUNTIF(D193:F193,"?*")>=$D$4, "✅ CUBIERTO", IF(COUNTIF(D193:F193,"?*")>0, "⚠ FALTANTE", "❌ SIN COMPLETAR")) -> ✅ CUBIERTO | I193: 46017 | J193: =TEXT(I193,"ddd") -> vie | K193: 0.375 | L193: Maitena | O193: =IF(COUNTIF(L193:N193,"?*")>=$L$4, "✅ CUBIERTO", IF(COUNTIF(L193:N193,"?*")>0, "⚠ FALTANTE", "❌ SIN COMPLETAR")) -> ✅ CUBIERTO
A194: 45989 | B194: =TEXT(A194,"ddd") -> vie | C194: 0.41666667 | D194: Sofía | G194: =IF(COUNTIF(D194:F194,"?*")>=$D$4, "✅ CUBIERTO", IF(COUNTIF(D194:F194,"?*")>0, "⚠ FALTANTE", "❌ SIN COMPLETAR")) -> ✅ CUBIERTO | I194: 46017 | J194: =TEXT(I194,"ddd") -> vie | K194: 0.41666667 | L194: Maitena | O194: =IF(COUNTIF(L194:N194,"?*")>=$L$4, "✅ CUBIERTO", IF(COUNTIF(L194:N194,"?*")>0, "⚠ FALTANTE", "❌ SIN COMPLETAR")) -> ✅ CUBIERTO
A195: 45989 | B195: =TEXT(A195,"ddd") -> vie | C195: 0.45833333 | D195: Sofía | G195: =IF(COUNTIF(D195:F195,"?*")>=$D$4, "✅ CUBIERTO", IF(COUNTIF(D195:F195,"?*")>0, "⚠ FALTANTE", "❌ SIN COMPLETAR")) -> ✅ CUBIERTO | I195: 46017 | J195: =TEXT(I195,"ddd") -> vie | K195: 0.45833333 | L195: Maitena | O195: =IF(COUNTIF(L195:N195,"?*")>=$L$4, "✅ CUBIERTO", IF(COUNTIF(L195:N195,"?*")>0, "⚠ FALTANTE", "❌ SIN COMPLETAR")) -> ✅ CUBIERTO
A196: 45989 | B196: =TEXT(A196,"ddd") -> vie | C196: 0.5 | D196: Sofía | G196: =IF(COUNTIF(D196:F196,"?*")>=$D$4, "✅ CUBIERTO", IF(COUNTIF(D196:F196,"?*")>0, "⚠ FALTANTE", "❌ SIN COMPLETAR")) -> ✅ CUBIERTO | I196: 46017 | J196: =TEXT(I196,"ddd") -> vie | K196: 0.5 | L196: Maitena | O196: =IF(COUNTIF(L196:N196,"?*")>=$L$4, "✅ CUBIERTO", IF(COUNTIF(L196:N196,"?*")>0, "⚠ FALTANTE", "❌ SIN COMPLETAR")) -> ✅ CUBIERTO
A197: 45989 | B197: =TEXT(A197,"ddd") -> vie | C197: 0.54166667 | D197: Sofía | G197: =IF(COUNTIF(D197:F197,"?*")>=$D$4, "✅ CUBIERTO", IF(COUNTIF(D197:F197,"?*")>0, "⚠ FALTANTE", "❌ SIN COMPLETAR")) -> ✅ CUBIERTO | I197: 46017 | J197: =TEXT(I197,"ddd") -> vie | K197: 0.54166667 | L197: Maitena | O197: =IF(COUNTIF(L197:N197,"?*")>=$L$4, "✅ CUBIERTO", IF(COUNTIF(L197:N197,"?*")>0, "⚠ FALTANTE", "❌ SIN COMPLETAR")) -> ✅ CUBIERTO
A198: 45989 | B198: =TEXT(A198,"ddd") -> vie | C198: 0.58333333 | D198: Sofía | G198: =IF(COUNTIF(D198:F198,"?*")>=$D$4, "✅ CUBIERTO", IF(COUNTIF(D198:F198,"?*")>0, "⚠ FALTANTE", "❌ SIN COMPLETAR")) -> ✅ CUBIERTO | I198: 46017 | J198: =TEXT(I198,"ddd") -> vie | K198: 0.58333333 | L198: Maitena | O198: =IF(COUNTIF(L198:N198,"?*")>=$L$4, "✅ CUBIERTO", IF(COUNTIF(L198:N198,"?*")>0, "⚠ FALTANTE", "❌ SIN COMPLETAR")) -> ✅ CUBIERTO
A199: 45989 | B199: =TEXT(A199,"ddd") -> vie | C199: 0.625 | D199: Sofía | G199: =IF(COUNTIF(D199:F199,"?*")>=$D$4, "✅ CUBIERTO", IF(COUNTIF(D199:F199,"?*")>0, "⚠ FALTANTE", "❌ SIN COMPLETAR")) -> ✅ CUBIERTO | I199: 46017 | J199: =TEXT(I199,"ddd") -> vie | K199: 0.625 | L199: Maitena | O199: =IF(COUNTIF(L199:N199,"?*")>=$L$4, "✅ CUBIERTO", IF(COUNTIF(L199:N199,"?*")>0, "⚠ FALTANTE", "❌ SIN COMPLETAR")) -> ✅ CUBIERTO
A200: 45989 | B200: =TEXT(A200,"ddd") -> vie | C200: 0.66666667 | D200: Sofía | G200: =IF(COUNTIF(D200:F200,"?*")>=$D$4, "✅ CUBIERTO", IF(COUNTIF(D200:F200,"?*")>0, "⚠ FALTANTE", "❌ SIN COMPLETAR")) -> ✅ CUBIERTO | I200: 46017 | J200: =TEXT(I200,"ddd") -> vie | K200: 0.66666667 | L200: Maitena | O200: =IF(COUNTIF(L200:N200,"?*")>=$L$4, "✅ CUBIERTO", IF(COUNTIF(L200:N200,"?*")>0, "⚠ FALTANTE", "❌ SIN COMPLETAR")) -> ✅ CUBIERTO
A201: 45989 | B201: =TEXT(A201,"ddd") -> vie | C201: 0.70833333 | D201: Sofía | G201: =IF(COUNTIF(D201:F201,"?*")>=$D$4, "✅ CUBIERTO", IF(COUNTIF(D201:F201,"?*")>0, "⚠ FALTANTE", "❌ SIN COMPLETAR")) -> ✅ CUBIERTO | I201: 46017 | J201: =TEXT(I201,"ddd") -> vie | K201: 0.70833333 | L201: Maitena | O201: =IF(COUNTIF(L201:N201,"?*")>=$L$4, "✅ CUBIERTO", IF(COUNTIF(L201:N201,"?*")>0, "⚠ FALTANTE", "❌ SIN COMPLETAR")) -> ✅ CUBIERTO
I202: 46020 | J202: =TEXT(I202,"ddd") -> lun | K202: 0.375 | L202: Maitena | O202: =IF(COUNTIF(L202:N202,"?*")>=$L$4, "✅ CUBIERTO", IF(COUNTIF(L202:N202,"?*")>0, "⚠ FALTANTE", "❌ SIN COMPLETAR")) -> ✅ CUBIERTO
I203: 46020 | J203: =TEXT(I203,"ddd") -> lun | K203: 0.41666667 | L203: Maitena | O203: =IF(COUNTIF(L203:N203,"?*")>=$L$4, "✅ CUBIERTO", IF(COUNTIF(L203:N203,"?*")>0, "⚠ FALTANTE", "❌ SIN COMPLETAR")) -> ✅ CUBIERTO
I204: 46020 | J204: =TEXT(I204,"ddd") -> lun | K204: 0.45833333 | L204: Maitena | O204: =IF(COUNTIF(L204:N204,"?*")>=$L$4, "✅ CUBIERTO", IF(COUNTIF(L204:N204,"?*")>0, "⚠ FALTANTE", "❌ SIN COMPLETAR")) -> ✅ CUBIERTO
I205: 46020 | J205: =TEXT(I205,"ddd") -> lun | K205: 0.5 | L205: Maitena | O205: =IF(COUNTIF(L205:N205,"?*")>=$L$4, "✅ CUBIERTO", IF(COUNTIF(L205:N205,"?*")>0, "⚠ FALTANTE", "❌ SIN COMPLETAR")) -> ✅ CUBIERTO
I206: 46020 | J206: =TEXT(I206,"ddd") -> lun | K206: 0.54166667 | L206: Maitena | O206: =IF(COUNTIF(L206:N206,"?*")>=$L$4, "✅ CUBIERTO", IF(COUNTIF(L206:N206,"?*")>0, "⚠ FALTANTE", "❌ SIN COMPLETAR")) -> ✅ CUBIERTO
I207: 46020 | J207: =TEXT(I207,"ddd") -> lun | K207: 0.58333333 | L207: Maitena | O207: =IF(COUNTIF(L207:N207,"?*")>=$L$4, "✅ CUBIERTO", IF(COUNTIF(L207:N207,"?*")>0, "⚠ FALTANTE", "❌ SIN COMPLETAR")) -> ✅ CUBIERTO
I208: 46020 | J208: =TEXT(I208,"ddd") -> lun | K208: 0.625 | L208: Maitena | O208: =IF(COUNTIF(L208:N208,"?*")>=$L$4, "✅ CUBIERTO", IF(COUNTIF(L208:N208,"?*")>0, "⚠ FALTANTE", "❌ SIN COMPLETAR")) -> ✅ CUBIERTO
I209: 46020 | J209: =TEXT(I209,"ddd") -> lun | K209: 0.66666667 | L209: Maitena | O209: =IF(COUNTIF(L209:N209,"?*")>=$L$4, "✅ CUBIERTO", IF(COUNTIF(L209:N209,"?*")>0, "⚠ FALTANTE", "❌ SIN COMPLETAR")) -> ✅ CUBIERTO
I210: 46020 | J210: =TEXT(I210,"ddd") -> lun | K210: 0.70833333 | L210: Maitena | O210: =IF(COUNTIF(L210:N210,"?*")>=$L$4, "✅ CUBIERTO", IF(COUNTIF(L210:N210,"?*")>0, "⚠ FALTANTE", "❌ SIN COMPLETAR")) -> ✅ CUBIERTO
I211: 46021 | J211: =TEXT(I211,"ddd") -> mar | K211: 0.375 | L211: Maitena | O211: =IF(COUNTIF(L211:N211,"?*")>=$L$4, "✅ CUBIERTO", IF(COUNTIF(L211:N211,"?*")>0, "⚠ FALTANTE", "❌ SIN COMPLETAR")) -> ✅ CUBIERTO
I212: 46021 | J212: =TEXT(I212,"ddd") -> mar | K212: 0.41666667 | L212: Maitena | O212: =IF(COUNTIF(L212:N212,"?*")>=$L$4, "✅ CUBIERTO", IF(COUNTIF(L212:N212,"?*")>0, "⚠ FALTANTE", "❌ SIN COMPLETAR")) -> ✅ CUBIERTO
I213: 46021 | J213: =TEXT(I213,"ddd") -> mar | K213: 0.45833333 | L213: Maitena | O213: =IF(COUNTIF(L213:N213,"?*")>=$L$4, "✅ CUBIERTO", IF(COUNTIF(L213:N213,"?*")>0, "⚠ FALTANTE", "❌ SIN COMPLETAR")) -> ✅ CUBIERTO
... I246: 46022 | J246: =TEXT(I246,"ddd") -> mié | K246: 0.70833333 | L246: Maitena | O246: =IF(COUNTIF(L246:N246,"?*")>=$L$4, "✅ CUBIERTO", IF(COUNTIF(L246:N246,"?*")>0, "⚠ FALTANTE", "❌ SIN COMPLETAR")) -> ✅ CUBIERTO

Sheet Recoleta
A1: RECOLETA | I1: RECOLETA
A2: NOVIEMBRE | I2: DICIEMBRE
A4: Personal Mínimo Requerido por turno: | D4: 1 | I4: Personal Mínimo Requerido por turno: | L4: 1
A6: Resumen de horas por vendedora | I6: Resumen de horas por vendedora
A7: Vendedoras | B7: Horas normales trabajadas | C7: Horas feriados trabajados | D7: Horas totales trabajadas | G7: HORAS EN RECOLETA | I7: Vendedoras | J7: Horas trabajadas | K7: Horas feriados no trabajados | L7: Horas totales | M7: Horas máximas | O7: HORAS
A8: ='Resumen zona'!A6 -> Sofía | B8: =SUMPRODUCT((TablaFloridaNov[Vendedora 1]=A8)+(TablaFloridaNov[Vendedora 2]=A8)+(TablaFloridaNov[Vendedora 3]=A8),--(TablaFloridaNov[Día]<>$G$14)) + SUMPRODUCT((TablaGuemesNov[Vendedora 1]=A8)+(TablaGuemesNov[Vendedora 2]=A8)+(TablaGuemesNov[Vendedora 3]=A8),--(TablaGuemesNov[Día]<>$G$14)) + SUMPRODUCT((TablaRecoletaNov[Vendedora 1]=A8)+(TablaRecoletaNov[Vendedora 2]=A8)+(TablaRecoletaNov[Vendedora 3]=A8),--(TablaRecoletaNov[Día]<>$G$14)) -> 143 | C8: =SUMPRODUCT((TablaFloridaNov[Vendedora 1]=A8)+(TablaFloridaNov[Vendedora 2]=A8)+(TablaFloridaNov[Vendedora 3]=A8),--(TablaFloridaNov[Día]=$G$14)) + SUMPRODUCT((TablaGuemesNov[Vendedora 1]=A8)+(TablaGuemesNov[Vendedora 2]=A8)+(TablaGuemesNov[Vendedora 3]=A8),--(TablaGuemesNov[Día]=$G$14)) + SUMPRODUCT((TablaRecoletaNov[Vendedora 1]=A8)+(TablaRecoletaNov[Vendedora 2]=A8)+(TablaRecoletaNov[Vendedora 3]=A8),--(TablaRecoletaNov[Día]=$G$14)) -> 9 | D8: =SUM(B8:C8) -> 152 | G8: Máximas | I8: ='Resumen zona'!A25 -> Sofía | J8: =COUNTIF(Recoleta!$L$22:$N$361,I8) -> 11 | L8: =J8+K8 -> 11 | M8: 132 | O8: Máximas
A9: ='Resumen zona'!A7 -> Giselle | B9: =SUMPRODUCT((TablaFloridaNov[Vendedora 1]=A9)+(TablaFloridaNov[Vendedora 2]=A9)+(TablaFloridaNov[Vendedora 3]=A9),--(TablaFloridaNov[Día]<>$G$14)) + SUMPRODUCT((TablaGuemesNov[Vendedora 1]=A9)+(TablaGuemesNov[Vendedora 2]=A9)+(TablaGuemesNov[Vendedora 3]=A9),--(TablaGuemesNov[Día]<>$G$14)) + SUMPRODUCT((TablaRecoletaNov[Vendedora 1]=A9)+(TablaRecoletaNov[Vendedora 2]=A9)+(TablaRecoletaNov[Vendedora 3]=A9),--(TablaRecoletaNov[Día]<>$G$14)) -> 0 | C9: =SUMPRODUCT((TablaFloridaNov[Vendedora 1]=A9)+(TablaFloridaNov[Vendedora 2]=A9)+(TablaFloridaNov[Vendedora 3]=A9),--(TablaFloridaNov[Día]=$G$14)) + SUMPRODUCT((TablaGuemesNov[Vendedora 1]=A9)+(TablaGuemesNov[Vendedora 2]=A9)+(TablaGuemesNov[Vendedora 3]=A9),--(TablaGuemesNov[Día]=$G$14)) + SUMPRODUCT((TablaRecoletaNov[Vendedora 1]=A9)+(TablaRecoletaNov[Vendedora 2]=A9)+(TablaRecoletaNov[Vendedora 3]=A9),--(TablaRecoletaNov[Día]=$G$14)) -> 0 | D9: =SUM(B9:C9) -> 0 | G9: ='Resumen zona'!M7 -> 450 | I9: ='Resumen zona'!A26 -> Giselle | J9: =COUNTIF(Recoleta!$L$22:$N$361,I9) -> 0 | L9: =J9+K9 -> 0 | M9: 132 | O9: 600
A10: ='Resumen zona'!A8 -> Maitena | B10: =SUMPRODUCT((TablaFloridaNov[Vendedora 1]=A10)+(TablaFloridaNov[Vendedora 2]=A10)+(TablaFloridaNov[Vendedora 3]=A10),--(TablaFloridaNov[Día]<>$G$14)) + SUMPRODUCT((TablaGuemesNov[Vendedora 1]=A10)+(TablaGuemesNov[Vendedora 2]=A10)+(TablaGuemesNov[Vendedora 3]=A10),--(TablaGuemesNov[Día]<>$G$14)) + SUMPRODUCT((TablaRecoletaNov[Vendedora 1]=A10)+(TablaRecoletaNov[Vendedora 2]=A10)+(TablaRecoletaNov[Vendedora 3]=A10),--(TablaRecoletaNov[Día]<>$G$14)) -> 504 | C10: =SUMPRODUCT((TablaFloridaNov[Vendedora 1]=A10)+(TablaFloridaNov[Vendedora 2]=A10)+(TablaFloridaNov[Vendedora 3]=A10),--(TablaFloridaNov[Día]=$G$14)) + SUMPRODUCT((TablaGuemesNov[Vendedora 1]=A10)+(TablaGuemesNov[Vendedora 2]=A10)+(TablaGuemesNov[Vendedora 3]=A10),--(TablaGuemesNov[Día]=$G$14)) + SUMPRODUCT((TablaRecoletaNov[Vendedora 1]=A10)+(TablaRecoletaNov[Vendedora 2]=A10)+(TablaRecoletaNov[Vendedora 3]=A10),--(TablaRecoletaNov[Día]=$G$14)) -> 8 | D10: =SUM(B10:C10) -> 512 | G10: Ocupadas | I10: ='Resumen zona'!A27 -> Maitena | J10: =COUNTIF(Recoleta!$L$22:$N$361,I10) -> 312 | K10: 4 | L10: =J10+K10 -> 316 | M10: 132 | O10: Ocupadas
A11: ='Resumen zona'!A9 -> Candela I. | B11: =SUMPRODUCT((TablaFloridaNov[Vendedora 1]=A11)+(TablaFloridaNov[Vendedora 2]=A11)+(TablaFloridaNov[Vendedora 3]=A11),--(TablaFloridaNov[Día]<>$G$14)) + SUMPRODUCT((TablaGuemesNov[Vendedora 1]=A11)+(TablaGuemesNov[Vendedora 2]=A11)+(TablaGuemesNov[Vendedora 3]=A11),--(TablaGuemesNov[Día]<>$G$14)) + SUMPRODUCT((TablaRecoletaNov[Vendedora 1]=A11)+(TablaRecoletaNov[Vendedora 2]=A11)+(TablaRecoletaNov[Vendedora 3]=A11),--(TablaRecoletaNov[Día]<>$G$14)) -> 12 | C11: =SUMPRODUCT((TablaFloridaNov[Vendedora 1]=A11)+(TablaFloridaNov[Vendedora 2]=A11)+(TablaFloridaNov[Vendedora 3]=A11),--(TablaFloridaNov[Día]=$G$14)) + SUMPRODUCT((TablaGuemesNov[Vendedora 1]=A11)+(TablaGuemesNov[Vendedora 2]=A11)+(TablaGuemesNov[Vendedora 3]=A11),--(TablaGuemesNov[Día]=$G$14)) + SUMPRODUCT((TablaRecoletaNov[Vendedora 1]=A11)+(TablaRecoletaNov[Vendedora 2]=A11)+(TablaRecoletaNov[Vendedora 3]=A11),--(TablaRecoletaNov[Día]=$G$14)) -> 0 | D11: =SUM(B11:C11) -> 12 | G11: =COUNTA(D22:F350) -> 329 | I11: ='Resumen zona'!A28 -> Candela I. | J11: =COUNTIF(Recoleta!$L$22:$N$361,I11) -> 0 | K11: 4 | L11: =J11+K11 -> 4 | M11: 132 | O11: =COUNTA(L22:N361) -> 329
A12: ='Resumen zona'!A10 -> Luciana | B12: =SUMPRODUCT((TablaFloridaNov[Vendedora 1]=A12)+(TablaFloridaNov[Vendedora 2]=A12)+(TablaFloridaNov[Vendedora 3]=A12),--(TablaFloridaNov[Día]<>$G$14)) + SUMPRODUCT((TablaGuemesNov[Vendedora 1]=A12)+(TablaGuemesNov[Vendedora 2]=A12)+(TablaGuemesNov[Vendedora 3]=A12),--(TablaGuemesNov[Día]<>$G$14)) + SUMPRODUCT((TablaRecoletaNov[Vendedora 1]=A12)+(TablaRecoletaNov[Vendedora 2]=A12)+(TablaRecoletaNov[Vendedora 3]=A12),--(TablaRecoletaNov[Día]<>$G$14)) -> 0 | C12: =SUMPRODUCT((TablaFloridaNov[Vendedora 1]=A12)+(TablaFloridaNov[Vendedora 2]=A12)+(TablaFloridaNov[Vendedora 3]=A12),--(TablaFloridaNov[Día]=$G$14)) + SUMPRODUCT((TablaGuemesNov[Vendedora 1]=A12)+(TablaGuemesNov[Vendedora 2]=A12)+(TablaGuemesNov[Vendedora 3]=A12),--(TablaGuemesNov[Día]=$G$14)) + SUMPRODUCT((TablaRecoletaNov[Vendedora 1]=A12)+(TablaRecoletaNov[Vendedora 2]=A12)+(TablaRecoletaNov[Vendedora 3]=A12),--(TablaRecoletaNov[Día]=$G$14)) -> 0 | D12: =SUM(B12:C12) -> 0 | I12: ='Resumen zona'!A29 -> Luciana | J12: =COUNTIF(Recoleta!$L$22:$N$361,I12) -> 0 | L12: =J12+K12 -> 0 | M12: 132
A13: ='Resumen zona'!A11 -> Bárbara | B13: =SUMPRODUCT((TablaFloridaNov[Vendedora 1]=A13)+(TablaFloridaNov[Vendedora 2]=A13)+(TablaFloridaNov[Vendedora 3]=A13),--(TablaFloridaNov[Día]<>$G$14)) + SUMPRODUCT((TablaGuemesNov[Vendedora 1]=A13)+(TablaGuemesNov[Vendedora 2]=A13)+(TablaGuemesNov[Vendedora 3]=A13),--(TablaGuemesNov[Día]<>$G$14)) + SUMPRODUCT((TablaRecoletaNov[Vendedora 1]=A13)+(TablaRecoletaNov[Vendedora 2]=A13)+(TablaRecoletaNov[Vendedora 3]=A13),--(TablaRecoletaNov[Día]<>$G$14)) -> 0 | C13: =SUMPRODUCT((TablaFloridaNov[Vendedora 1]=A13)+(TablaFloridaNov[Vendedora 2]=A13)+(TablaFloridaNov[Vendedora 3]=A13),--(TablaFloridaNov[Día]=$G$14)) + SUMPRODUCT((TablaGuemesNov[Vendedora 1]=A13)+(TablaGuemesNov[Vendedora 2]=A13)+(TablaGuemesNov[Vendedora 3]=A13),--(TablaGuemesNov[Día]=$G$14)) + SUMPRODUCT((TablaRecoletaNov[Vendedora 1]=A13)+(TablaRecoletaNov[Vendedora 2]=A13)+(TablaRecoletaNov[Vendedora 3]=A13),--(TablaRecoletaNov[Día]=$G$14)) -> 0 | D13: =SUM(B13:C13) -> 0 | G13: FERIADOS | I13: ='Resumen zona'!A30 -> Bárbara | J13: =COUNTIF(Recoleta!$L$22:$N$361,I13) -> 0 | K13: 4 | L13: =J13+K13 -> 4 | M13: 132 | O13: FERIADOS
A14: ='Resumen zona'!A12 -> Rocío | B14: =SUMPRODUCT((TablaFloridaNov[Vendedora 1]=A14)+(TablaFloridaNov[Vendedora 2]=A14)+(TablaFloridaNov[Vendedora 3]=A14),--(TablaFloridaNov[Día]<>$G$14)) + SUMPRODUCT((TablaGuemesNov[Vendedora 1]=A14)+(TablaGuemesNov[Vendedora 2]=A14)+(TablaGuemesNov[Vendedora 3]=A14),--(TablaGuemesNov[Día]<>$G$14)) + SUMPRODUCT((TablaRecoletaNov[Vendedora 1]=A14)+(TablaRecoletaNov[Vendedora 2]=A14)+(TablaRecoletaNov[Vendedora 3]=A14),--(TablaRecoletaNov[Día]<>$G$14)) -> 68 | C14: =SUMPRODUCT((TablaFloridaNov[Vendedora 1]=A14)+(TablaFloridaNov[Vendedora 2]=A14)+(TablaFloridaNov[Vendedora 3]=A14),--(TablaFloridaNov[Día]=$G$14)) + SUMPRODUCT((TablaGuemesNov[Vendedora 1]=A14)+(TablaGuemesNov[Vendedora 2]=A14)+(TablaGuemesNov[Vendedora 3]=A14),--(TablaGuemesNov[Día]=$G$14)) + SUMPRODUCT((TablaRecoletaNov[Vendedora 1]=A14)+(TablaRecoletaNov[Vendedora 2]=A14)+(TablaRecoletaNov[Vendedora 3]=A14),--(TablaRecoletaNov[Día]=$G$14)) -> 11 | D14: =SUM(B14:C14) -> 79 | G14: ='Resumen zona'!K11 -> 45985 | I14: ='Resumen zona'!A31 -> Rocío | J14: =COUNTIF(Recoleta!$L$22:$N$361,I14) -> 0 | L14: =J14+K14 -> 0 | M14: 132 | O14: ='Resumen zona'!K30 -> 45999
A15: ='Resumen zona'!A13 -> Mailén | B15: =SUMPRODUCT((TablaFloridaNov[Vendedora 1]=A15)+(TablaFloridaNov[Vendedora 2]=A15)+(TablaFloridaNov[Vendedora 3]=A15),--(TablaFloridaNov[Día]<>$G$14)) + SUMPRODUCT((TablaGuemesNov[Vendedora 1]=A15)+(TablaGuemesNov[Vendedora 2]=A15)+(TablaGuemesNov[Vendedora 3]=A15),--(TablaGuemesNov[Día]<>$G$14)) + SUMPRODUCT((TablaRecoletaNov[Vendedora 1]=A15)+(TablaRecoletaNov[Vendedora 2]=A15)+(TablaRecoletaNov[Vendedora 3]=A15),--(TablaRecoletaNov[Día]<>$G$14)) -> 12 | C15: =SUMPRODUCT((TablaFloridaNov[Vendedora 1]=A15)+(TablaFloridaNov[Vendedora 2]=A15)+(TablaFloridaNov[Vendedora 3]=A15),--(TablaFloridaNov[Día]=$G$14)) + SUMPRODUCT((TablaGuemesNov[Vendedora 1]=A15)+(TablaGuemesNov[Vendedora 2]=A15)+(TablaGuemesNov[Vendedora 3]=A15),--(TablaGuemesNov[Día]=$G$14)) + SUMPRODUCT((TablaRecoletaNov[Vendedora 1]=A15)+(TablaRecoletaNov[Vendedora 2]=A15)+(TablaRecoletaNov[Vendedora 3]=A15),--(TablaRecoletaNov[Día]=$G$14)) -> 0 | D15: =SUM(B15:C15) -> 12 | I15: ='Resumen zona'!A32 -> Mailén | J15: =COUNTIF(Recoleta!$L$22:$N$361,I15) -> 0 | K15: 4 | L15: =J15+K15 -> 4 | M15: 132
A16: ='Resumen zona'!A14 -> Candela G. | B16: =SUMPRODUCT((TablaFloridaNov[Vendedora 1]=A16)+(TablaFloridaNov[Vendedora 2]=A16)+(TablaFloridaNov[Vendedora 3]=A16),--(TablaFloridaNov[Día]<>$G$14)) + SUMPRODUCT((TablaGuemesNov[Vendedora 1]=A16)+(TablaGuemesNov[Vendedora 2]=A16)+(TablaGuemesNov[Vendedora 3]=A16),--(TablaGuemesNov[Día]<>$G$14)) + SUMPRODUCT((TablaRecoletaNov[Vendedora 1]=A16)+(TablaRecoletaNov[Vendedora 2]=A16)+(TablaRecoletaNov[Vendedora 3]=A16),--(TablaRecoletaNov[Día]<>$G$14)) -> 0 | C16: =SUMPRODUCT((TablaFloridaNov[Vendedora 1]=A16)+(TablaFloridaNov[Vendedora 2]=A16)+(TablaFloridaNov[Vendedora 3]=A16),--(TablaFloridaNov[Día]=$G$14)) + SUMPRODUCT((TablaGuemesNov[Vendedora 1]=A16)+(TablaGuemesNov[Vendedora 2]=A16)+(TablaGuemesNov[Vendedora 3]=A16),--(TablaGuemesNov[Día]=$G$14)) + SUMPRODUCT((TablaRecoletaNov[Vendedora 1]=A16)+(TablaRecoletaNov[Vendedora 2]=A16)+(TablaRecoletaNov[Vendedora 3]=A16),--(TablaRecoletaNov[Día]=$G$14)) -> 0 | D16: =SUM(B16:C16) -> 0 | I16: ='Resumen zona'!A33 -> Candela G. | J16: =COUNTIF(Recoleta!$L$22:$N$361,I16) -> 0 | L16: =J16+K16 -> 0 | M16: 132
A17: ='Resumen zona'!A15 -> Micaela | B17: =SUMPRODUCT((TablaFloridaNov[Vendedora 1]=A17)+(TablaFloridaNov[Vendedora 2]=A17)+(TablaFloridaNov[Vendedora 3]=A17),--(TablaFloridaNov[Día]<>$G$14)) + SUMPRODUCT((TablaGuemesNov[Vendedora 1]=A17)+(TablaGuemesNov[Vendedora 2]=A17)+(TablaGuemesNov[Vendedora 3]=A17),--(TablaGuemesNov[Día]<>$G$14)) + SUMPRODUCT((TablaRecoletaNov[Vendedora 1]=A17)+(TablaRecoletaNov[Vendedora 2]=A17)+(TablaRecoletaNov[Vendedora 3]=A17),--(TablaRecoletaNov[Día]<>$G$14)) -> 72 | C17: =SUMPRODUCT((TablaFloridaNov[Vendedora 1]=A17)+(TablaFloridaNov[Vendedora 2]=A17)+(TablaFloridaNov[Vendedora 3]=A17),--(TablaFloridaNov[Día]=$G$14)) + SUMPRODUCT((TablaGuemesNov[Vendedora 1]=A17)+(TablaGuemesNov[Vendedora 2]=A17)+(TablaGuemesNov[Vendedora 3]=A17),--(TablaGuemesNov[Día]=$G$14)) + SUMPRODUCT((TablaRecoletaNov[Vendedora 1]=A17)+(TablaRecoletaNov[Vendedora 2]=A17)+(TablaRecoletaNov[Vendedora 3]=A17),--(TablaRecoletaNov[Día]=$G$14)) -> 5 | D17: =SUM(B17:C17) -> 77 | I17: ='Resumen zona'!A34 -> Micaela | J17: =COUNTIF(Recoleta!$L$22:$N$361,I17) -> 0 | L17: =J17+K17 -> 0 | M17: 132
A18: ='Resumen zona'!A16 -> [Nueva] | B18: =SUMPRODUCT((TablaFloridaNov[Vendedora 1]=A18)+(TablaFloridaNov[Vendedora 2]=A18)+(TablaFloridaNov[Vendedora 3]=A18),--(TablaFloridaNov[Día]<>$G$14)) + SUMPRODUCT((TablaGuemesNov[Vendedora 1]=A18)+(TablaGuemesNov[Vendedora 2]=A18)+(TablaGuemesNov[Vendedora 3]=A18),--(TablaGuemesNov[Día]<>$G$14)) + SUMPRODUCT((TablaRecoletaNov[Vendedora 1]=A18)+(TablaRecoletaNov[Vendedora 2]=A18)+(TablaRecoletaNov[Vendedora 3]=A18),--(TablaRecoletaNov[Día]<>$G$14)) -> 0 | C18: =SUMPRODUCT((TablaFloridaNov[Vendedora 1]=A18)+(TablaFloridaNov[Vendedora 2]=A18)+(TablaFloridaNov[Vendedora 3]=A18),--(TablaFloridaNov[Día]=$G$14)) + SUMPRODUCT((TablaGuemesNov[Vendedora 1]=A18)+(TablaGuemesNov[Vendedora 2]=A18)+(TablaGuemesNov[Vendedora 3]=A18),--(TablaGuemesNov[Día]=$G$14)) + SUMPRODUCT((TablaRecoletaNov[Vendedora 1]=A18)+(TablaRecoletaNov[Vendedora 2]=A18)+(TablaRecoletaNov[Vendedora 3]=A18),--(TablaRecoletaNov[Día]=$G$14)) -> 0 | D18: =SUM(B18:C18) -> 0 | I18: ='Resumen zona'!A35 -> [Nueva] | J18: =COUNTIF(Recoleta!$L$22:$N$361,I18) -> 0 | L18: =J18+K18 -> 0 | M18: 132
A21: Día | B21: Día de semana | C21: Hora | D21: Vendedora 1 | E21: Vendedora 2 | F21: Vendedora 3 | G21: Estado de la hora | I21: Día | J21: Día de semana | K21: Hora | L21: Vendedora 1 | M21: Vendedora 2 | N21: Vendedora 3 | O21: Estado de la hora
A22: 45962 | B22: =TEXT(A22,"ddd") -> sáb | C22: 0.41666667 | D22: Maitena | G22: =IF(COUNTIF(D22:F22,"?*")>=$D$4, "✅ CUBIERTO", IF(COUNTIF(D22:F22,"?*")>0, "⚠ FALTANTE", "❌ SIN COMPLETAR")) -> ✅ CUBIERTO | I22: 45992 | J22: =TEXT(I22,"ddd") -> lun | K22: 0.41666667 | L22: Maitena | O22: =IF(COUNTIF(L22:N22,"?*")>=$L$4, "✅ CUBIERTO", IF(COUNTIF(L22:N22,"?*")>0, "⚠ FALTANTE", "❌ SIN COMPLETAR")) -> ✅ CUBIERTO
A23: 45962 | B23: =TEXT(A23,"ddd") -> sáb | C23: 0.45833333 | D23: Maitena | G23: =IF(COUNTIF(D23:F23,"?*")>=$D$4, "✅ CUBIERTO", IF(COUNTIF(D23:F23,"?*")>0, "⚠ FALTANTE", "❌ SIN COMPLETAR")) -> ✅ CUBIERTO | I23: 45992 | J23: =TEXT(I23,"ddd") -> lun | K23: 0.45833333 | L23: Maitena | O23: =IF(COUNTIF(L23:N23,"?*")>=$L$4, "✅ CUBIERTO", IF(COUNTIF(L23:N23,"?*")>0, "⚠ FALTANTE", "❌ SIN COMPLETAR")) -> ✅ CUBIERTO
A24: 45962 | B24: =TEXT(A24,"ddd") -> sáb | C24: 0.5 | D24: Maitena | G24: =IF(COUNTIF(D24:F24,"?*")>=$D$4, "✅ CUBIERTO", IF(COUNTIF(D24:F24,"?*")>0, "⚠ FALTANTE", "❌ SIN COMPLETAR")) -> ✅ CUBIERTO | I24: 45992 | J24: =TEXT(I24,"ddd") -> lun | K24: 0.5 | L24: Maitena | O24: =IF(COUNTIF(L24:N24,"?*")>=$L$4, "✅ CUBIERTO", IF(COUNTIF(L24:N24,"?*")>0, "⚠ FALTANTE", "❌ SIN COMPLETAR")) -> ✅ CUBIERTO
A25: 45962 | B25: =TEXT(A25,"ddd") -> sáb | C25: 0.54166667 | D25: Maitena | G25: =IF(COUNTIF(D25:F25,"?*")>=$D$4, "✅ CUBIERTO", IF(COUNTIF(D25:F25,"?*")>0, "⚠ FALTANTE", "❌ SIN COMPLETAR")) -> ✅ CUBIERTO | I25: 45992 | J25: =TEXT(I25,"ddd") -> lun | K25: 0.54166667 | L25: Maitena | O25: =IF(COUNTIF(L25:N25,"?*")>=$L$4, "✅ CUBIERTO", IF(COUNTIF(L25:N25,"?*")>0, "⚠ FALTANTE", "❌ SIN COMPLETAR")) -> ✅ CUBIERTO
A26: 45962 | B26: =TEXT(A26,"ddd") -> sáb | C26: 0.58333333 | D26: Maitena | G26: =IF(COUNTIF(D26:F26,"?*")>=$D$4, "✅ CUBIERTO", IF(COUNTIF(D26:F26,"?*")>0, "⚠ FALTANTE", "❌ SIN COMPLETAR")) -> ✅ CUBIERTO | I26: 45992 | J26: =TEXT(I26,"ddd") -> lun | K26: 0.58333333 | L26: Maitena | O26: =IF(COUNTIF(L26:N26,"?*")>=$L$4, "✅ CUBIERTO", IF(COUNTIF(L26:N26,"?*")>0, "⚠ FALTANTE", "❌ SIN COMPLETAR")) -> ✅ CUBIERTO
A27: 45962 | B27: =TEXT(A27,"ddd") -> sáb | C27: 0.625 | D27: Maitena | G27: =IF(COUNTIF(D27:F27,"?*")>=$D$4, "✅ CUBIERTO", IF(COUNTIF(D27:F27,"?*")>0, "⚠ FALTANTE", "❌ SIN COMPLETAR")) -> ✅ CUBIERTO | I27: 45992 | J27: =TEXT(I27,"ddd") -> lun | K27: 0.625 | L27: Mailen | O27: =IF(COUNTIF(L27:N27,"?*")>=$L$4, "✅ CUBIERTO", IF(COUNTIF(L27:N27,"?*")>0, "⚠ FALTANTE", "❌ SIN COMPLETAR")) -> ✅ CUBIERTO
A28: 45962 | B28: =TEXT(A28,"ddd") -> sáb | C28: 0.66666667 | D28: Maitena | G28: =IF(COUNTIF(D28:F28,"?*")>=$D$4, "✅ CUBIERTO", IF(COUNTIF(D28:F28,"?*")>0, "⚠ FALTANTE", "❌ SIN COMPLETAR")) -> ✅ CUBIERTO | I28: 45992 | J28: =TEXT(I28,"ddd") -> lun | K28: 0.66666667 | L28: Mailen | O28: =IF(COUNTIF(L28:N28,"?*")>=$L$4, "✅ CUBIERTO", IF(COUNTIF(L28:N28,"?*")>0, "⚠ FALTANTE", "❌ SIN COMPLETAR")) -> ✅ CUBIERTO
A29: 45962 | B29: =TEXT(A29,"ddd") -> sáb | C29: 0.70833333 | D29: Maitena | G29: =IF(COUNTIF(D29:F29,"?*")>=$D$4, "✅ CUBIERTO", IF(COUNTIF(D29:F29,"?*")>0, "⚠ FALTANTE", "❌ SIN COMPLETAR")) -> ✅ CUBIERTO | I29: 45992 | J29: =TEXT(I29,"ddd") -> lun | K29: 0.70833333 | L29: Mailen | O29: =IF(COUNTIF(L29:N29,"?*")>=$L$4, "✅ CUBIERTO", IF(COUNTIF(L29:N29,"?*")>0, "⚠ FALTANTE", "❌ SIN COMPLETAR")) -> ✅ CUBIERTO
A30: 45962 | B30: =TEXT(A30,"ddd") -> sáb | C30: 0.75 | D30: Maitena | G30: =IF(COUNTIF(D30:F30,"?*")>=$D$4, "✅ CUBIERTO", IF(COUNTIF(D30:F30,"?*")>0, "⚠ FALTANTE", "❌ SIN COMPLETAR")) -> ✅ CUBIERTO | I30: 45992 | J30: =TEXT(I30,"ddd") -> lun | K30: 0.75 | L30: Mailen | O30: =IF(COUNTIF(L30:N30,"?*")>=$L$4, "✅ CUBIERTO", IF(COUNTIF(L30:N30,"?*")>0, "⚠ FALTANTE", "❌ SIN COMPLETAR")) -> ✅ CUBIERTO
A31: 45962 | B31: =TEXT(A31,"ddd") -> sáb | C31: 0.79166667 | D31: Maitena | G31: =IF(COUNTIF(D31:F31,"?*")>=$D$4, "✅ CUBIERTO", IF(COUNTIF(D31:F31,"?*")>0, "⚠ FALTANTE", "❌ SIN COMPLETAR")) -> ✅ CUBIERTO | I31: 45992 | J31: =TEXT(I31,"ddd") -> lun | K31: 0.79166667 | L31: Mailen | O31: =IF(COUNTIF(L31:N31,"?*")>=$L$4, "✅ CUBIERTO", IF(COUNTIF(L31:N31,"?*")>0, "⚠ FALTANTE", "❌ SIN COMPLETAR")) -> ✅ CUBIERTO
A32: 45962 | B32: =TEXT(A32,"ddd") -> sáb | C32: 0.83333333 | D32: Maitena | G32: =IF(COUNTIF(D32:F32,"?*")>=$D$4, "✅ CUBIERTO", IF(COUNTIF(D32:F32,"?*")>0, "⚠ FALTANTE", "❌ SIN COMPLETAR")) -> ✅ CUBIERTO | I32: 45992 | J32: =TEXT(I32,"ddd") -> lun | K32: 0.83333333 | L32: Mailen | O32: =IF(COUNTIF(L32:N32,"?*")>=$L$4, "✅ CUBIERTO", IF(COUNTIF(L32:N32,"?*")>0, "⚠ FALTANTE", "❌ SIN COMPLETAR")) -> ✅ CUBIERTO
A33: 45963 | B33: =TEXT(A33,"ddd") -> dom | C33: 0.41666667 | D33: Mailen | G33: =IF(COUNTIF(D33:F33,"?*")>=$D$4, "✅ CUBIERTO", IF(COUNTIF(D33:F33,"?*")>0, "⚠ FALTANTE", "❌ SIN COMPLETAR")) -> ✅ CUBIERTO | I33: 45993 | J33: =TEXT(I33,"ddd") -> mar | K33: 0.41666667 | L33: Maitena | O33: =IF(COUNTIF(L33:N33,"?*")>=$L$4, "✅ CUBIERTO", IF(COUNTIF(L33:N33,"?*")>0, "⚠ FALTANTE", "❌ SIN COMPLETAR")) -> ✅ CUBIERTO
... A285: 45985 | B285: =TEXT(A285,"ddd") -> lun | C285: 0.83333333 | D285: Rocío | G285: =IF(COUNTIF(D285:F285,"?*")>=$D$4, "✅ CUBIERTO", IF(COUNTIF(D285:F285,"?*")>0, "⚠ FALTANTE", "❌ SIN COMPLETAR")) -> ✅ CUBIERTO | I285: 46015 | J285: =TEXT(I285,"ddd") -> mié | K285: 0.83333333 | L285: Maitena | O285: =IF(COUNTIF(L285:N285,"?*")>=$L$4, "✅ CUBIERTO", IF(COUNTIF(L285:N285,"?*")>0, "⚠ FALTANTE", "❌ SIN COMPLETAR")) -> ✅ CUBIERTO
A286: 45986 | B286: =TEXT(A286,"ddd") -> mar | C286: 0.41666667 | D286: Rocío | G286: =IF(COUNTIF(D286:F286,"?*")>=$D$4, "✅ CUBIERTO", IF(COUNTIF(D286:F286,"?*")>0, "⚠ FALTANTE", "❌ SIN COMPLETAR")) -> ✅ CUBIERTO | I286: 46016 | J286: =TEXT(I286,"ddd") -> jue | K286: 0.41666667 | O286: FERIADO
A287: 45986 | B287: =TEXT(A287,"ddd") -> mar | C287: 0.45833333 | D287: Rocío | G287: =IF(COUNTIF(D287:F287,"?*")>=$D$4, "✅ CUBIERTO", IF(COUNTIF(D287:F287,"?*")>0, "⚠ FALTANTE", "❌ SIN COMPLETAR")) -> ✅ CUBIERTO | I287: 46016 | J287: =TEXT(I287,"ddd") -> jue | K287: 0.45833333 | O287: FERIADO
A288: 45986 | B288: =TEXT(A288,"ddd") -> mar | C288: 0.5 | D288: Rocío | G288: =IF(COUNTIF(D288:F288,"?*")>=$D$4, "✅ CUBIERTO", IF(COUNTIF(D288:F288,"?*")>0, "⚠ FALTANTE", "❌ SIN COMPLETAR")) -> ✅ CUBIERTO | I288: 46016 | J288: =TEXT(I288,"ddd") -> jue | K288: 0.5 | O288: FERIADO
A289: 45986 | B289: =TEXT(A289,"ddd") -> mar | C289: 0.54166667 | D289: Rocío | G289: =IF(COUNTIF(D289:F289,"?*")>=$D$4, "✅ CUBIERTO", IF(COUNTIF(D289:F289,"?*")>0, "⚠ FALTANTE", "❌ SIN COMPLETAR")) -> ✅ CUBIERTO | I289: 46016 | J289: =TEXT(I289,"ddd") -> jue | K289: 0.54166667 | O289: FERIADO
A290: 45986 | B290: =TEXT(A290,"ddd") -> mar | C290: 0.58333333 | D290: Rocío | G290: =IF(COUNTIF(D290:F290,"?*")>=$D$4, "✅ CUBIERTO", IF(COUNTIF(D290:F290,"?*")>0, "⚠ FALTANTE", "❌ SIN COMPLETAR")) -> ✅ CUBIERTO | I290: 46016 | J290: =TEXT(I290,"ddd") -> jue | K290: 0.58333333 | O290: FERIADO
A291: 45986 | B291: =TEXT(A291,"ddd") -> mar | C291: 0.625 | D291: Rocío | G291: =IF(COUNTIF(D291:F291,"?*")>=$D$4, "✅ CUBIERTO", IF(COUNTIF(D291:F291,"?*")>0, "⚠ FALTANTE", "❌ SIN COMPLETAR")) -> ✅ CUBIERTO | I291: 46016 | J291: =TEXT(I291,"ddd") -> jue | K291: 0.625 | O291: FERIADO
A292: 45986 | B292: =TEXT(A292,"ddd") -> mar | C292: 0.66666667 | D292: Rocío | G292: =IF(COUNTIF(D292:F292,"?*")>=$D$4, "✅ CUBIERTO", IF(COUNTIF(D292:F292,"?*")>0, "⚠ FALTANTE", "❌ SIN COMPLETAR")) -> ✅ CUBIERTO | I292: 46016 | J292: =TEXT(I292,"ddd") -> jue | K292: 0.66666667 | O292: FERIADO
A293: 45986 | B293: =TEXT(A293,"ddd") -> mar | C293: 0.70833333 | D293: Rocío | G293: =IF(COUNTIF(D293:F293,"?*")>=$D$4, "✅ CUBIERTO", IF(COUNTIF(D293:F293,"?*")>0, "⚠ FALTANTE", "❌ SIN COMPLETAR")) -> ✅ CUBIERTO | I293: 46016 | J293: =TEXT(I293,"ddd") -> jue | K293: 0.70833333 | O293: FERIADO
A294: 45986 | B294: =TEXT(A294,"ddd") -> mar | C294: 0.75 | D294: Rocío | G294: =IF(COUNTIF(D294:F294,"?*")>=$D$4, "✅ CUBIERTO", IF(COUNTIF(D294:F294,"?*")>0, "⚠ FALTANTE", "❌ SIN COMPLETAR")) -> ✅ CUBIERTO | I294: 46016 | J294: =TEXT(I294,"ddd") -> jue | K294: 0.75 | O294: FERIADO
A295: 45986 | B295: =TEXT(A295,"ddd") -> mar | C295: 0.79166667 | D295: Rocío | G295: =IF(COUNTIF(D295:F295,"?*")>=$D$4, "✅ CUBIERTO", IF(COUNTIF(D295:F295,"?*")>0, "⚠ FALTANTE", "❌ SIN COMPLETAR")) -> ✅ CUBIERTO | I295: 46016 | J295: =TEXT(I295,"ddd") -> jue | K295: 0.79166667 | O295: FERIADO
A296: 45986 | B296: =TEXT(A296,"ddd") -> mar | C296: 0.83333333 | D296: Rocío | G296: =IF(COUNTIF(D296:F296,"?*")>=$D$4, "✅ CUBIERTO", IF(COUNTIF(D296:F296,"?*")>0, "⚠ FALTANTE", "❌ SIN COMPLETAR")) -> ✅ CUBIERTO | I296: 46016 | J296: =TEXT(I296,"ddd") -> jue | K296: 0.83333333 | O296: FERIADO
A297: 45987 | B297: =TEXT(A297,"ddd") -> mié | C297: 0.41666667 | D297: Rocío | G297: =IF(COUNTIF(D297:F297,"?*")>=$D$4, "✅ CUBIERTO", IF(COUNTIF(D297:F297,"?*")>0, "⚠ FALTANTE", "❌ SIN COMPLETAR")) -> ✅ CUBIERTO | I297: 46017 | J297: =TEXT(I297,"ddd") -> vie | K297: 0.41666667 | L297: Maitena | O297: =IF(COUNTIF(L297:N297,"?*")>=$L$4, "✅ CUBIERTO", IF(COUNTIF(L297:N297,"?*")>0, "⚠ FALTANTE", "❌ SIN COMPLETAR")) -> ✅ CUBIERTO
A298: 45987 | B298: =TEXT(A298,"ddd") -> mié | C298: 0.45833333 | D298: Rocío | G298: =IF(COUNTIF(D298:F298,"?*")>=$D$4, "✅ CUBIERTO", IF(COUNTIF(D298:F298,"?*")>0, "⚠ FALTANTE", "❌ SIN COMPLETAR")) -> ✅ CUBIERTO | I298: 46017 | J298: =TEXT(I298,"ddd") -> vie | K298: 0.45833333 | L298: Maitena | O298: =IF(COUNTIF(L298:N298,"?*")>=$L$4, "✅ CUBIERTO", IF(COUNTIF(L298:N298,"?*")>0, "⚠ FALTANTE", "❌ SIN COMPLETAR")) -> ✅ CUBIERTO
A299: 45987 | B299: =TEXT(A299,"ddd") -> mié | C299: 0.5 | D299: Rocío | G299: =IF(COUNTIF(D299:F299,"?*")>=$D$4, "✅ CUBIERTO", IF(COUNTIF(D299:F299,"?*")>0, "⚠ FALTANTE", "❌ SIN COMPLETAR")) -> ✅ CUBIERTO | I299: 46017 | J299: =TEXT(I299,"ddd") -> vie | K299: 0.5 | L299: Maitena | O299: =IF(COUNTIF(L299:N299,"?*")>=$L$4, "✅ CUBIERTO", IF(COUNTIF(L299:N299,"?*")>0, "⚠ FALTANTE", "❌ SIN COMPLETAR")) -> ✅ CUBIERTO
A300: 45987 | B300: =TEXT(A300,"ddd") -> mié | C300: 0.54166667 | D300: Juana | G300: =IF(COUNTIF(D300:F300,"?*")>=$D$4, "✅ CUBIERTO", IF(COUNTIF(D300:F300,"?*")>0, "⚠ FALTANTE", "❌ SIN COMPLETAR")) -> ✅ CUBIERTO | I300: 46017 | J300: =TEXT(I300,"ddd") -> vie | K300: 0.54166667 | L300: Maitena | O300: =IF(COUNTIF(L300:N300,"?*")>=$L$4, "✅ CUBIERTO", IF(COUNTIF(L300:N300,"?*")>0, "⚠ FALTANTE", "❌ SIN COMPLETAR")) -> ✅ CUBIERTO
A301: 45987 | B301: =TEXT(A301,"ddd") -> mié | C301: 0.58333333 | D301: Juana | G301: =IF(COUNTIF(D301:F301,"?*")>=$D$4, "✅ CUBIERTO", IF(COUNTIF(D301:F301,"?*")>0, "⚠ FALTANTE", "❌ SIN COMPLETAR")) -> ✅ CUBIERTO | I301: 46017 | J301: =TEXT(I301,"ddd") -> vie | K301: 0.58333333 | L301: Maitena | O301: =IF(COUNTIF(L301:N301,"?*")>=$L$4, "✅ CUBIERTO", IF(COUNTIF(L301:N301,"?*")>0, "⚠ FALTANTE", "❌ SIN COMPLETAR")) -> ✅ CUBIERTO
A302: 45987 | B302: =TEXT(A302,"ddd") -> mié | C302: 0.625 | D302: Juana | G302: =IF(COUNTIF(D302:F302,"?*")>=$D$4, "✅ CUBIERTO", IF(COUNTIF(D302:F302,"?*")>0, "⚠ FALTANTE", "❌ SIN COMPLETAR")) -> ✅ CUBIERTO | I302: 46017 | J302: =TEXT(I302,"ddd") -> vie | K302: 0.625 | L302: Maitena | O302: =IF(COUNTIF(L302:N302,"?*")>=$L$4, "✅ CUBIERTO", IF(COUNTIF(L302:N302,"?*")>0, "⚠ FALTANTE", "❌ SIN COMPLETAR")) -> ✅ CUBIERTO
A303: 45987 | B303: =TEXT(A303,"ddd") -> mié | C303: 0.66666667 | D303: Juana | G303: =IF(COUNTIF(D303:F303,"?*")>=$D$4, "✅ CUBIERTO", IF(COUNTIF(D303:F303,"?*")>0, "⚠ FALTANTE", "❌ SIN COMPLETAR")) -> ✅ CUBIERTO | I303: 46017 | J303: =TEXT(I303,"ddd") -> vie | K303: 0.66666667 | L303: Maitena | O303: =IF(COUNTIF(L303:N303,"?*")>=$L$4, "✅ CUBIERTO", IF(COUNTIF(L303:N303,"?*")>0, "⚠ FALTANTE", "❌ SIN COMPLETAR")) -> ✅ CUBIERTO
A304: 45987 | B304: =TEXT(A304,"ddd") -> mié | C304: 0.70833333 | D304: Juana | G304: =IF(COUNTIF(D304:F304,"?*")>=$D$4, "✅ CUBIERTO", IF(COUNTIF(D304:F304,"?*")>0, "⚠ FALTANTE", "❌ SIN COMPLETAR")) -> ✅ CUBIERTO | I304: 46017 | J304: =TEXT(I304,"ddd") -> vie | K304: 0.70833333 | L304: Maitena | O304: =IF(COUNTIF(L304:N304,"?*")>=$L$4, "✅ CUBIERTO", IF(COUNTIF(L304:N304,"?*")>0, "⚠ FALTANTE", "❌ SIN COMPLETAR")) -> ✅ CUBIERTO
A305: 45987 | B305: =TEXT(A305,"ddd") -> mié | C305: 0.75 | D305: Juana | G305: =IF(COUNTIF(D305:F305,"?*")>=$D$4, "✅ CUBIERTO", IF(COUNTIF(D305:F305,"?*")>0, "⚠ FALTANTE", "❌ SIN COMPLETAR")) -> ✅ CUBIERTO | I305: 46017 | J305: =TEXT(I305,"ddd") -> vie | K305: 0.75 | L305: Maitena | O305: =IF(COUNTIF(L305:N305,"?*")>=$L$4, "✅ CUBIERTO", IF(COUNTIF(L305:N305,"?*")>0, "⚠ FALTANTE", "❌ SIN COMPLETAR")) -> ✅ CUBIERTO
A306: 45987 | B306: =TEXT(A306,"ddd") -> mié | C306: 0.79166667 | D306: Juana | G306: =IF(COUNTIF(D306:F306,"?*")>=$D$4, "✅ CUBIERTO", IF(COUNTIF(D306:F306,"?*")>0, "⚠ FALTANTE", "❌ SIN COMPLETAR")) -> ✅ CUBIERTO | I306: 46017 | J306: =TEXT(I306,"ddd") -> vie | K306: 0.79166667 | L306: Maitena | O306: =IF(COUNTIF(L306:N306,"?*")>=$L$4, "✅ CUBIERTO", IF(COUNTIF(L306:N306,"?*")>0, "⚠ FALTANTE", "❌ SIN COMPLETAR")) -> ✅ CUBIERTO
A307: 45987 | B307: =TEXT(A307,"ddd") -> mié | C307: 0.83333333 | D307: Juana | G307: =IF(COUNTIF(D307:F307,"?*")>=$D$4, "✅ CUBIERTO", IF(COUNTIF(D307:F307,"?*")>0, "⚠ FALTANTE", "❌ SIN COMPLETAR")) -> ✅ CUBIERTO | I307: 46017 | J307: =TEXT(I307,"ddd") -> vie | K307: 0.83333333 | L307: Maitena | O307: =IF(COUNTIF(L307:N307,"?*")>=$L$4, "✅ CUBIERTO", IF(COUNTIF(L307:N307,"?*")>0, "⚠ FALTANTE", "❌ SIN COMPLETAR")) -> ✅ CUBIERTO
A308: 45988 | B308: =TEXT(A308,"ddd") -> jue | C308: 0.41666667 | D308: Juana | G308: =IF(COUNTIF(D308:F308,"?*")>=$D$4, "✅ CUBIERTO", IF(COUNTIF(D308:F308,"?*")>0, "⚠ FALTANTE", "❌ SIN COMPLETAR")) -> ✅ CUBIERTO | I308: 46018 | J308: =TEXT(I308,"ddd") -> sáb | K308: 0.41666667 | L308: Maitena | O308: =IF(COUNTIF(L308:N308,"?*")>=$L$4, "✅ CUBIERTO", IF(COUNTIF(L308:N308,"?*")>0, "⚠ FALTANTE", "❌ SIN COMPLETAR")) -> ✅ CUBIERTO
... A351: 45991 | B351: =TEXT(A351,"ddd") -> dom | C351: 0.83333333 | D351: Juana | G351: =IF(COUNTIF(D351:F351,"?*")>=$D$4, "✅ CUBIERTO", IF(COUNTIF(D351:F351,"?*")>0, "⚠ FALTANTE", "❌ SIN COMPLETAR")) -> ✅ CUBIERTO | I351: 46021 | J351: =TEXT(I351,"ddd") -> mar | K351: 0.83333333 | L351: Maitena | O351: =IF(COUNTIF(L351:N351,"?*")>=$L$4, "✅ CUBIERTO", IF(COUNTIF(L351:N351,"?*")>0, "⚠ FALTANTE", "❌ SIN COMPLETAR")) -> ✅ CUBIERTO
I352: 46022 | J352: =TEXT(I352,"ddd") -> mié | K352: 0.41666667 | L352: Maitena | O352: =IF(COUNTIF(L352:N352,"?*")>=$L$4, "✅ CUBIERTO", IF(COUNTIF(L352:N352,"?*")>0, "⚠ FALTANTE", "❌ SIN COMPLETAR")) -> ✅ CUBIERTO
I353: 46022 | J353: =TEXT(I353,"ddd") -> mié | K353: 0.45833333 | L353: Maitena | O353: =IF(COUNTIF(L353:N353,"?*")>=$L$4, "✅ CUBIERTO", IF(COUNTIF(L353:N353,"?*")>0, "⚠ FALTANTE", "❌ SIN COMPLETAR")) -> ✅ CUBIERTO
I354: 46022 | J354: =TEXT(I354,"ddd") -> mié | K354: 0.5 | L354: Maitena | O354: =IF(COUNTIF(L354:N354,"?*")>=$L$4, "✅ CUBIERTO", IF(COUNTIF(L354:N354,"?*")>0, "⚠ FALTANTE", "❌ SIN COMPLETAR")) -> ✅ CUBIERTO
I355: 46022 | J355: =TEXT(I355,"ddd") -> mié | K355: 0.54166667 | L355: Maitena | O355: =IF(COUNTIF(L355:N355,"?*")>=$L$4, "✅ CUBIERTO", IF(COUNTIF(L355:N355,"?*")>0, "⚠ FALTANTE", "❌ SIN COMPLETAR")) -> ✅ CUBIERTO
I356: 46022 | J356: =TEXT(I356,"ddd") -> mié | K356: 0.58333333 | L356: Maitena | O356: =IF(COUNTIF(L356:N356,"?*")>=$L$4, "✅ CUBIERTO", IF(COUNTIF(L356:N356,"?*")>0, "⚠ FALTANTE", "❌ SIN COMPLETAR")) -> ✅ CUBIERTO
I357: 46022 | J357: =TEXT(I357,"ddd") -> mié | K357: 0.625 | L357: Maitena | O357: =IF(COUNTIF(L357:N357,"?*")>=$L$4, "✅ CUBIERTO", IF(COUNTIF(L357:N357,"?*")>0, "⚠ FALTANTE", "❌ SIN COMPLETAR")) -> ✅ CUBIERTO
I358: 46022 | J358: =TEXT(I358,"ddd") -> mié | K358: 0.66666667 | L358: Maitena | O358: =IF(COUNTIF(L358:N358,"?*")>=$L$4, "✅ CUBIERTO", IF(COUNTIF(L358:N358,"?*")>0, "⚠ FALTANTE", "❌ SIN COMPLETAR")) -> ✅ CUBIERTO
I359: 46022 | J359: =TEXT(I359,"ddd") -> mié | K359: 0.70833333 | L359: Maitena | O359: =IF(COUNTIF(L359:N359,"?*")>=$L$4, "✅ CUBIERTO", IF(COUNTIF(L359:N359,"?*")>0, "⚠ FALTANTE", "❌ SIN COMPLETAR")) -> ✅ CUBIERTO
I360: 46022 | J360: =TEXT(I360,"ddd") -> mié | K360: 0.75 | L360: Maitena | O360: =IF(COUNTIF(L360:N360,"?*")>=$L$4, "✅ CUBIERTO", IF(COUNTIF(L360:N360,"?*")>0, "⚠ FALTANTE", "❌ SIN COMPLETAR")) -> ✅ CUBIERTO
I361: 46022 | J361: =TEXT(I361,"ddd") -> mié | K361: 0.79166667 | L361: Maitena | O361: =IF(COUNTIF(L361:N361,"?*")>=$L$4, "✅ CUBIERTO", IF(COUNTIF(L361:N361,"?*")>0, "⚠ FALTANTE", "❌ SIN COMPLETAR")) -> ✅ CUBIERTO
