Workbook

Sheet Listado
A1: Legajo | B1: Apellido y Nombre | C1: Periodo | D1: Tienda asignada este mes | E1: Horas Totales | F1: Hs Normales (con vacaciones y feriados NO trabajados) | G1: Hs Feriados (Horas) | H1: Feriados No trabajados (Hs) | I1: Licencias justificadas (en HORAS) | J1: Plus vacacional | K1: Cant dias vacaciones anticipadas 2025-2026 * | L1: Premios | M1: Sueldo Neto | N1: Sueldo Bruto | O1: Contribuciones + ART | P1: Costo total | Q1: VALOR HORA | R1: Observaciones | T1: % contribuciones | U1: Horas x tienda
A2: 1 | B2: Viña Sofia | C2: 45139 | D2: Lucero Florida | E2: 117 | F2: 112 | G2: 5 | J2: NO | L2: 44936 | M2: 691596 | N2: 885802.42 | O2: 288986.23 | P2: 1174788.6 | Q2: =P2/E2 -> 10040.929 | S2: 139 | T2: =O2/N2 -> 0.32624231 | U2: 0
A3: 2 | B3: Urbieta Barbara Giselle | C3: 45341 | D3: Supervisora | E3: 0 | H3: 8.00 | J3: NO | M3: 790106 | N3: 1220203.2 | O3: 323244.11 | P3: 1543447.3 | R3: Cobra comisión * | S3: 169 | T3: =O3/N3 -> 0.26491006 | U3: 1 Feriado no trabajado
A4: 3 | B4: Ruiz de la Torre Maitena | C4: 45345 | D4: Lucero Florida | E4: 122 | F4: 117 | G4: 5 | J4: NO | L4: 46856 | M4: 712984 | N4: 885802.42 | O4: 297905.85 | P4: 1183708.3 | Q4: =P4/E4 -> 9702.5268 | S4: 170 | T4: =O4/N4 -> 0.33631185 | U4: 0
A5: 4 | B5: Imperiale Candela | C5: 45447 | D5: Lucero Florida | E5: 130 | F5: 124 | G5: 6 | J5: NO | L5: 49929 | M5: 762451 | N5: 976696.34 | O5: 318587.55 | P5: 1295283.9 | Q5: =P5/E5 -> 9963.7222 | R5: Cobra comisión * | S5: 173 | T5: =O5/N5 -> 0.32618895 | U5: 0
A6: 5 | B6: Balmaceda Luciana | C6: 45587 | D6: Lucero Florida | E6: 88 | F6: 0 | H6: 4.00 | J6: NO | M6: 469077 | N6: 600075 | O6: 195656.48 | P6: 795731.48 | Q6: =P6/E6 -> 9042.4032 | R6: Inicio Licencia por maternidad 26/08. Inició reposo por embarazo desde el 18/07 y continá. Hs totales 88hs mínimo por convenio. | S6: 186 | T6: =O6/N6 -> 0.32605338 | U6: Permanece con reposo por embarazo del hasta el 26/8. Comienza su licencia por maternidad a partir del 26/8
A7: 6 | B7: Martina Migueles | C7: 45845 | D7: Lucero Florida | E7: 102 | F7: 98 | G7: 4 | J7: NO | M7: 557268 | N7: 713247.24 | O7: 232552.66 | P7: 945799.9 | Q7: =P7/E7 -> 9272.548 | R7: BAJA por despido el 31/08/2025 (dia trabajado). No cobra premio porque ingresó en julio (cobran a partir del 3er mes) | T7: =O7/N7 -> 0.32604775 | U7: 0
A8: 9 | B8: Cabovianco Natalia | C8: 40030 | D8: Lucero San Telmo | E8: 8 | G8: 8 | J8: NO | M8: 1171591 | N8: 1444520.2 | O8: 382976.33 | P8: 1827496.5 | R8: Cobra comisión * | S8: 10 | T8: =O8/N8 -> 0.26512355 | U8: 0
A9: 10 | B9: Carrizo Camila | C9: 44414 | D9: AS San Telmo | E9: 108 | F9: 104 | G9: 4 | J9: NO | L9: 24011 | M9: 633090 | N9: 810623.3 | O9: 264375.61 | P9: 1074998.9 | Q9: =P9/E9 -> 9953.6936 | R9: Cobra comisión * | S9: 55 | T9: =O9/N9 -> 0.32613868 | U9: 0
A10: 11 | B10: Esposito Candela | C10: 44854 | D10: Lucero San Telmo | E10: 127 | F10: 121 | G10: 6 | J10: NO | L10: 70120 | M10: 771191 | N10: 988051.99 | O10: 322429.92 | P10: 1310481.9 | Q10: =P10/E10 -> 10318.755 | R10: Cobra comisión * | S10: 103 | T10: =O10/N10 -> 0.3263289 | U10: 0
A11: 12 | B11: Barajas Barbara | C11: 45057 | D11: Lucero Recoleta | E11: 132 | F11: 127 | G11: 5 | J11: NO | L11: 41056 | M11: 768555 | N11: 984423.87 | O11: 321001.18 | P11: 1305425.1 | Q11: =P11/E11 -> 9889.5837 | R11: Cobra comisión * | S11: 126 | T11: =O11/N11 -> 0.32608025 | U11: 0 | V11: 946894
A12: 13 | B12: De Brito Rocio | C12: 45085 | D12: Lucero Güemes | E12: 110 | F12: 110 | G12: 0 | H12: 4 | J12: NO | L12: 13862 | M12: 607988 | N12: 778238.68 | O12: 253645.26 | P12: 1031883.9 | Q12: =P12/E12 -> 9380.7631 | S12: 131 | T12: =O12/N12 -> 0.3259222 | U12: 8 horas realizadas en Recoleta. 1 Feriado no trabajado
A13: 14 | B13: Lara Robbio | C13: 45139 | D13: Lucero San Telmo | E13: 109 | F13: 103 | G13: 6 | J13: NO | L13: 46328 | M13: 654478 | N13: 838271.4 | O13: 273591.47 | P13: 1111862.9 | Q13: =P13/E13 -> 10200.577 | S13: 138 | T13: =O13/N13 -> 0.32637577 | U13: De las horas normales 63 hs en Lucero 1_ 40 Lucero 2. Horas feriado en Lucero 1. Hay 8 hs de vacaciones pero creo q las líquidas te en Julio. Sí, liquidadas y descontadas en Julio
A14: 15 | B14: Molina Agustina | C14: 45184 | D14: AS San Telmo | E14: 108 | F14: 104 | G14: 4 | J14: NO | L14: 24011 | M14: 614955 | N14: 787367.14 | O14: 256809.62 | P14: 1044176.8 | Q14: =P14/E14 -> 9668.3033 | S14: 143 | T14: =O14/N14 -> 0.32616248 | U14: 0
A15: 16 | B15: Kiara Corbalan | C15: 45201 | D15: AS San Telmo | E15: 108 | F15: 104 | G15: 4 | J15: NO | L15: 0 | M15: 0 | N15: 787366.22 | O15: 256809.62 | P15: 1044176.8 | Q15: =P15/E15 -> 9668.3033 | R15: BAJA por renuncia el 31/08/2025 | S15: 151 | T15: =O15/N15 -> 0.32616286 | U15: 0
A16: 17 | B16: Martínez Brisa | C16: 45272 | D16: AS San Telmo | E16: 28 | F16: 28 | J16: NO | M16: 0 | N16: 238250.96 | Q16: 9668.3033 | R16: BAJA por despido el 13/08/2025 (dia trabajado) | S16: 161 | U16: Liq final 13/08
A17: 18 | B17: CORONEL Mailen | C17: 45311 | D17: Lucero Güemes | E17: 111 | F17: 111 | G17: 0 | H17: 4 | J17: NO | L17: 14558 | M17: 607960 | N17: 778206.57 | O17: 253638.62 | P17: 1031845.2 | Q17: =P17/E17 -> 9295.9026 | S17: 165 | T17: =O17/N17 -> 0.32592711 | U17: 8 horas realizadas en Florida. 1 Feriado no trabajado
A18: 19 | B18: Gimenez Candela | C18: 45404 | D18: Lucero Recoleta | E18: 126 | F18: 120 | G18: 6 | J18: NO | L18: 44229 | M18: 736419 | N18: 943286.37 | O18: 307691.21 | P18: 1250977.6 | Q18: =P18/E18 -> 9928.3935 | S18: 171 | T18: =O18/N18 -> 0.32619067 | U18: De las horas normales 69 fueron realizadas en Florida
A19: 20 | B19: Oliva Micaela | C19: 45597 | D19: Lucero Recoleta | E19: 130 | F19: 130 | G19: 0 | H19: 4 | J19: NO | L19: 40434 | M19: 723404 | N19: 926371.04 | O19: 301962.39 | P19: 1228333.4 | Q19: =P19/E19 -> 9448.7187 | S19: 189 | T19: =O19/N19 -> 0.32596268 | U19: 1 Feriado no trabajado
A20: 21 | B20: Mohamad Daila | C20: 45597 | D20: Lucero San Telmo 2 | E20: 112 | F20: 108 | G20: 4 | J20: NO | L20: 23047 | M20: 629089 | N20: 805474.71 | O20: 262682.88 | P20: 1068157.6 | Q20: =P20/E20 -> 9537.1213 | S20: 190 | T20: =O20/N20 -> 0.32612182 | U20: 0
A21: 22 | B21: Morena Martinez | C21: 45713 | D21: Lucero San Telmo | E21: 115 | F21: 111 | G21: 4 | J21: NO | L21: 48255 | M21: 665994 | N21: 852960.65 | O21: 278291.53 | P21: 1131252.2 | Q21: =P21/E21 -> 9836.9755 | S21: 206 | T21: =O21/N21 -> 0.32626538 | U21: De las horas normales 67 hs en Lucero 1_ 44 Lucero 1. Horas feriado en Lucero 1
A22: 23 | B22: Sarapura Rebecca | C22: 45597 | D22: Lucero San Telmo | E22: 39 | F22: 39 | J22: NO | M22: 0 | N22: 264218 | Q22: 9537.1213 | R22: BAJA por renuncia el 10/08 (dia trabajado) | S22: 192 | U22: LIQ Final 10/08/2025
A23: 47 | B23: Eredia Cintia | C23: 44295 | D23: Visual | E23: 0 | J23: NO | M23: 980117 | N23: 1209823.4 | O23: 321775.27 | P23: 1531598.7 | T23: =O23/N23 -> 0.26596879 | U23: 0
A24: 120 | B24: Bertolo Milagros | C24: 45020 | D24: Lucero French | E24: 109 | F24: 105 | G24: 4.00 | J24: NO | L24: 35485 | M24: 636178 | N24: 814658.31 | O24: 265763.61 | P24: 1080421.9 | Q24: =P24/E24 -> 9912.1277 | R24: Cobra comisión * | T24: =O24/N24 -> 0.32622709 | U24: 0
A25: 174 | B25: Machuca Araceli | C25: 45477 | D25: Lucero French | E25: 106 | F25: 102 | G25: 4.00 | J25: NO | L25: 31634 | M25: 610819 | N25: 782120.41 | O25: 255159.97 | P25: 1037280.4 | Q25: =P25/E25 -> 9785.664 | T25: =O25/N25 -> 0.32624129 | U25: De las horas normales 78 hs en French_ 24 Lucero 2. Horas feriado en French
A26: 184 | B26: Villarruel Candela | C26: 45569 | D26: AS San Telmo | E26: 0 | J26: NO | O26: 1420 | P26: 1420 | R26: $1355 valor de ART- Licencia x maternidad hasta el 8/09 que se reincorpora | U26: Licencia por maternidad desde 8/06/2025
A27: 194 | B27: Scholler Chavez Ruth | C27: 45639 | D27: Lucero French | E27: 103 | F27: 99 | G27: 4.00 | J27: NO | L27: 30178 | M27: 587851 | N27: 752664.78 | O27: 245575.32 | P27: 998240.1 | Q27: =P27/E27 -> 9691.6515 | T27: =O27/N27 -> 0.32627449 | U27: De las horas normales 71 hs en French_ 28 Lucero 2. Horas feriado en French
A28: TOTAL | P28: =SUBTOTAL(9,P2:P27) -> 27048789 | U28: #N/A
A30: BAJAS
A31: 6 | B31: Migueles Martina | D31: Lucero Florida | M31: 605736 | N31: 629808.09 | O31: 78240.12 | P31: 708048.21
A32: 16 | B32: Corbalan Kiara Alejandra | D32: AS San Telmo | M32: 1035102 | N32: 1237040.4 | O32: 274268.68 | P32: 1511309.1
A33: 17 | B33: Martinez Brisa Nicole | D33: AS San Telmo | M33: 3524975 | N33: 3677840.9 | O33: 458880.49 | P33: 4136721.3
A34: 23 | B34: Sarapura Velazquez Rebecca | D34: Lucero San Telmo | M34: 563475 | N34: 642522.7 | O34: 122731.06 | P34: 765253.76
A43: VENDEDOR B - tarifa standard
C44: Vendedor B - S Neto | D44: Vendedor B - S Bruto | E44: Contribuciones + ART | F44: COSTO TOTAL
A45: 500 | B45: VENDEDORA B 88 HS | C45: 466131 | D45: 596273.79 | E45: 221924.3 | F45: 810590.48
A46: 501 | B46: VENDEDORA B 132 HS | C46: 697006 | D46: 892220.18 | E46: 331424.47 | F46: 1212207.9
B48: Dif plus vacacional 88hs | C48: 43505.56
B49: Dif plus vacacional 132 Hs | C49: 65053.89

Sheet tabla x hora
A1: HORAS
A2: Legajo | B2: Apellido y Nombre | C2: Valor hora | D2: Florida | E2: Güemes | F2: Recoleta | G2: San Telmo 1 | H2: San Telmo 2 | I2: French | J2: AS San Telmo | K2: Total horas | N2: Florida | O2: Güemes | P2: Recoleta | Q2: San Telmo 1 | R2: San Telmo 2 | S2: French | T2: AS San Telmo
A3: 1 | B3: Viña Sofia | C3: =VLOOKUP(A3,Listado!$A$2:$Q$28,17,FALSE) -> 10040.929 | D3: 117 | K3: =SUM(D3:J3) -> 117 | N3: =D3*$C3 -> 1174788.6 | O3: =E3*$C3 -> 0 | P3: =F3*$C3 -> 0 | Q3: =G3*$C3 -> 0 | R3: =H3*$C3 -> 0 | S3: =I3*$C3 -> 0 | T3: =J3*$C3 -> 0
A4: 3 | B4: Ruiz de la Torre Maitena | C4: =VLOOKUP(A4,Listado!$A$2:$Q$28,17,FALSE) -> 9702.5268 | D4: 122 | K4: =SUM(D4:J4) -> 122 | N4: =D4*$C4 -> 1183708.3 | O4: =E4*$C4 -> 0 | P4: =F4*$C4 -> 0 | Q4: =G4*$C4 -> 0 | R4: =H4*$C4 -> 0 | S4: =I4*$C4 -> 0 | T4: =J4*$C4 -> 0
A5: 4 | B5: Imperiale Candela | C5: =VLOOKUP(A5,Listado!$A$2:$Q$28,17,FALSE) -> 9963.7222 | D5: 130 | K5: =SUM(D5:J5) -> 130 | N5: =D5*$C5 -> 1295283.9 | O5: =E5*$C5 -> 0 | P5: =F5*$C5 -> 0 | Q5: =G5*$C5 -> 0 | R5: =H5*$C5 -> 0 | S5: =I5*$C5 -> 0 | T5: =J5*$C5 -> 0
A6: 5 | B6: Balmaceda Luciana | C6: =VLOOKUP(A6,Listado!$A$2:$Q$28,17,FALSE) -> 9042.4032 | K6: =SUM(D6:J6) -> 0 | N6: =D6*$C6 -> 0 | O6: =E6*$C6 -> 0 | P6: =F6*$C6 -> 0 | Q6: =G6*$C6 -> 0 | R6: =H6*$C6 -> 0 | S6: =I6*$C6 -> 0 | T6: =J6*$C6 -> 0
A7: 6 | B7: Martina Migueles | C7: =VLOOKUP(A7,Listado!$A$2:$Q$28,17,FALSE) -> 9272.548 | D7: 102 | K7: =SUM(D7:J7) -> 102 | N7: =D7*$C7 -> 945799.9 | O7: =E7*$C7 -> 0 | P7: =F7*$C7 -> 0 | Q7: =G7*$C7 -> 0 | R7: =H7*$C7 -> 0 | S7: =I7*$C7 -> 0 | T7: =J7*$C7 -> 0
A8: 10 | B8: Carrizo Camila | C8: =VLOOKUP(A8,Listado!$A$2:$Q$28,17,FALSE) -> 9953.6936 | J8: 108 | K8: =SUM(D8:J8) -> 108 | N8: =D8*$C8 -> 0 | O8: =E8*$C8 -> 0 | P8: =F8*$C8 -> 0 | Q8: =G8*$C8 -> 0 | R8: =H8*$C8 -> 0 | S8: =I8*$C8 -> 0 | T8: =J8*$C8 -> 1074998.9
A9: 11 | B9: Esposito Candela | C9: =VLOOKUP(A9,Listado!$A$2:$Q$28,17,FALSE) -> 10318.755 | G9: 127 | K9: =SUM(D9:J9) -> 127 | N9: =D9*$C9 -> 0 | O9: =E9*$C9 -> 0 | P9: =F9*$C9 -> 0 | Q9: =G9*$C9 -> 1310481.9 | R9: =H9*$C9 -> 0 | S9: =I9*$C9 -> 0 | T9: =J9*$C9 -> 0
A10: 12 | B10: Barajas Barbara | C10: =VLOOKUP(A10,Listado!$A$2:$Q$28,17,FALSE) -> 9889.5837 | F10: 132 | K10: =SUM(D10:J10) -> 132 | N10: =D10*$C10 -> 0 | O10: =E10*$C10 -> 0 | P10: =F10*$C10 -> 1305425.1 | Q10: =G10*$C10 -> 0 | R10: =H10*$C10 -> 0 | S10: =I10*$C10 -> 0 | T10: =J10*$C10 -> 0
A11: 13 | B11: De Brito Rocio | C11: =VLOOKUP(A11,Listado!$A$2:$Q$28,17,FALSE) -> 9380.7631 | E11: 102 | F11: 8 | K11: =SUM(D11:J11) -> 110 | N11: =D11*$C11 -> 0 | O11: =E11*$C11 -> 956837.84 | P11: =F11*$C11 -> 75046.105 | Q11: =G11*$C11 -> 0 | R11: =H11*$C11 -> 0 | S11: =I11*$C11 -> 0 | T11: =J11*$C11 -> 0
A12: 14 | B12: Lara Robbio | C12: =VLOOKUP(A12,Listado!$A$2:$Q$28,17,FALSE) -> 10200.577 | G12: 69 | H12: 40 | K12: =SUM(D12:J12) -> 109 | N12: =D12*$C12 -> 0 | O12: =E12*$C12 -> 0 | P12: =F12*$C12 -> 0 | Q12: =G12*$C12 -> 703839.8 | R12: =H12*$C12 -> 408023.07 | S12: =I12*$C12 -> 0 | T12: =J12*$C12 -> 0
A13: 15 | B13: Molina Agustina | C13: =VLOOKUP(A13,Listado!$A$2:$Q$28,17,FALSE) -> 9668.3033 | J13: 108 | K13: =SUM(D13:J13) -> 108 | N13: =D13*$C13 -> 0 | O13: =E13*$C13 -> 0 | P13: =F13*$C13 -> 0 | Q13: =G13*$C13 -> 0 | R13: =H13*$C13 -> 0 | S13: =I13*$C13 -> 0 | T13: =J13*$C13 -> 1044176.8
A14: 16 | B14: Kiara Corbalan | C14: =VLOOKUP(A14,Listado!$A$2:$Q$28,17,FALSE) -> 9668.3033 | J14: 108 | K14: =SUM(D14:J14) -> 108 | N14: =D14*$C14 -> 0 | O14: =E14*$C14 -> 0 | P14: =F14*$C14 -> 0 | Q14: =G14*$C14 -> 0 | R14: =H14*$C14 -> 0 | S14: =I14*$C14 -> 0 | T14: =J14*$C14 -> 1044176.8
A15: 17 | B15: Martínez Brisa | C15: =VLOOKUP(A15,Listado!$A$2:$Q$28,17,FALSE) -> 9668.3033 | J15: 28 | K15: =SUM(D15:J15) -> 28 | N15: =D15*$C15 -> 0 | O15: =E15*$C15 -> 0 | P15: =F15*$C15 -> 0 | Q15: =G15*$C15 -> 0 | R15: =H15*$C15 -> 0 | S15: =I15*$C15 -> 0 | T15: =J15*$C15 -> 270712.49
A16: 18 | B16: CORONEL Mailen | C16: =VLOOKUP(A16,Listado!$A$2:$Q$28,17,FALSE) -> 9295.9026 | D16: 8 | E16: 103 | K16: =SUM(D16:J16) -> 111 | N16: =D16*$C16 -> 74367.221 | O16: =E16*$C16 -> 957477.97 | P16: =F16*$C16 -> 0 | Q16: =G16*$C16 -> 0 | R16: =H16*$C16 -> 0 | S16: =I16*$C16 -> 0 | T16: =J16*$C16 -> 0
A17: 19 | B17: Gimenez Candela | C17: =VLOOKUP(A17,Listado!$A$2:$Q$28,17,FALSE) -> 9928.3935 | D17: 69 | F17: 57 | K17: =SUM(D17:J17) -> 126 | N17: =D17*$C17 -> 685059.15 | O17: =E17*$C17 -> 0 | P17: =F17*$C17 -> 565918.43 | Q17: =G17*$C17 -> 0 | R17: =H17*$C17 -> 0 | S17: =I17*$C17 -> 0 | T17: =J17*$C17 -> 0
A18: 20 | B18: Oliva Micaela | C18: =VLOOKUP(A18,Listado!$A$2:$Q$28,17,FALSE) -> 9448.7187 | F18: 130 | K18: =SUM(D18:J18) -> 130 | N18: =D18*$C18 -> 0 | O18: =E18*$C18 -> 0 | P18: =F18*$C18 -> 1228333.4 | Q18: =G18*$C18 -> 0 | R18: =H18*$C18 -> 0 | S18: =I18*$C18 -> 0 | T18: =J18*$C18 -> 0
A19: 21 | B19: Mohamad Daila | C19: =VLOOKUP(A19,Listado!$A$2:$Q$28,17,FALSE) -> 9537.1213 | H19: 112 | K19: =SUM(D19:J19) -> 112 | N19: =D19*$C19 -> 0 | O19: =E19*$C19 -> 0 | P19: =F19*$C19 -> 0 | Q19: =G19*$C19 -> 0 | R19: =H19*$C19 -> 1068157.6 | S19: =I19*$C19 -> 0 | T19: =J19*$C19 -> 0
A20: 22 | B20: Morena Martinez | C20: =VLOOKUP(A20,Listado!$A$2:$Q$28,17,FALSE) -> 9836.9755 | G20: 71 | H20: 44 | K20: =SUM(D20:J20) -> 115 | N20: =D20*$C20 -> 0 | O20: =E20*$C20 -> 0 | P20: =F20*$C20 -> 0 | Q20: =G20*$C20 -> 698425.26 | R20: =H20*$C20 -> 432826.92 | S20: =I20*$C20 -> 0 | T20: =J20*$C20 -> 0
A21: 23 | B21: Sarapura Rebecca | C21: =VLOOKUP(A21,Listado!$A$2:$Q$28,17,FALSE) -> 9537.1213 | G21: 39 | K21: =SUM(D21:J21) -> 39 | N21: =D21*$C21 -> 0 | O21: =E21*$C21 -> 0 | P21: =F21*$C21 -> 0 | Q21: =G21*$C21 -> 371947.73 | R21: =H21*$C21 -> 0 | S21: =I21*$C21 -> 0 | T21: =J21*$C21 -> 0
A22: 120 | B22: Bertolo Milagros | C22: =VLOOKUP(A22,Listado!$A$2:$Q$28,17,FALSE) -> 9912.1277 | I22: 109 | K22: =SUM(D22:J22) -> 109 | N22: =D22*$C22 -> 0 | O22: =E22*$C22 -> 0 | P22: =F22*$C22 -> 0 | Q22: =G22*$C22 -> 0 | R22: =H22*$C22 -> 0 | S22: =I22*$C22 -> 1080421.9 | T22: =J22*$C22 -> 0
A23: 174 | B23: Machuca Araceli | C23: =VLOOKUP(A23,Listado!$A$2:$Q$28,17,FALSE) -> 9785.664 | H23: 24 | I23: 82 | K23: =SUM(D23:J23) -> 106 | N23: =D23*$C23 -> 0 | O23: =E23*$C23 -> 0 | P23: =F23*$C23 -> 0 | Q23: =G23*$C23 -> 0 | R23: =H23*$C23 -> 234855.94 | S23: =I23*$C23 -> 802424.44 | T23: =J23*$C23 -> 0
A24: 194 | B24: Scholler Chavez Ruth | C24: =VLOOKUP(A24,Listado!$A$2:$Q$28,17,FALSE) -> 9691.6515 | H24: 28 | I24: 75 | K24: =SUM(D24:J24) -> 103 | N24: =D24*$C24 -> 0 | O24: =E24*$C24 -> 0 | P24: =F24*$C24 -> 0 | Q24: =G24*$C24 -> 0 | R24: =H24*$C24 -> 271366.24 | S24: =I24*$C24 -> 726873.86 | T24: =J24*$C24 -> 0
A25: 184 | B25: Villarruel Candela | C25: =VLOOKUP(A25,Listado!$A$2:$Q$28,17,FALSE) -> 0 | K25: =SUM(D25:J25) -> 0 | N25: =D25*$C25 -> 0 | O25: =E25*$C25 -> 0 | P25: =F25*$C25 -> 0 | Q25: =G25*$C25 -> 0 | R25: =H25*$C25 -> 0 | S25: =I25*$C25 -> 0 | T25: =J25*$C25 -> 0
A26: 2 | B26: Urbieta Barbara Giselle | C26: =VLOOKUP(A26,Listado!$A$2:$Q$28,17,FALSE) -> 0 | K26: =SUM(D26:J26) -> 0 | N26: =D26*$C26 -> 0 | O26: =E26*$C26 -> 0 | P26: =F26*$C26 -> 0 | Q26: =G26*$C26 -> 0 | R26: =H26*$C26 -> 0 | S26: =I26*$C26 -> 0 | T26: =J26*$C26 -> 0
A27: 9 | B27: Cabovianco Natalia | C27: =VLOOKUP(A27,Listado!$A$2:$Q$28,17,FALSE) -> 0 | K27: =SUM(D27:J27) -> 0 | N27: =D27*$C27 -> 0 | O27: =E27*$C27 -> 0 | P27: =F27*$C27 -> 0 | Q27: =G27*$C27 -> 0 | R27: =H27*$C27 -> 0 | S27: =I27*$C27 -> 0 | T27: =J27*$C27 -> 0
A28: Total | D28: =SUM(D3:D27) -> 548 | E28: =SUM(E3:E27) -> 205 | F28: =SUM(F3:F27) -> 327 | G28: =SUM(G3:G27) -> 306 | H28: =SUM(H3:H27) -> 248 | I28: =SUM(I3:I27) -> 266 | J28: =SUM(J3:J27) -> 352 | K28: =SUM(D28:J28) -> 2252 | N28: =SUM(N3:N27) -> 5359007.1 | O28: =SUM(O3:O27) -> 1914315.8 | P28: =SUM(P3:P27) -> 3174723 | Q28: =SUM(Q3:Q27) -> 3084694.7 | R28: =SUM(R3:R27) -> 2415229.8 | S28: =SUM(S3:S27) -> 2609720.2 | T28: =SUM(T3:T27) -> 3434064.9 | U28: =SUM(N28:T28) -> 21991756
T29: 1420 | U29: =U28+T29 -> 21993176

Sheet según hora x tienda
A1: Legajo | B1: Empleado | C1: Hs totales | D1: Hs trabajadas | E1: Hs feriado | F1: Días de vacaciones | G1: Hs nocturnas | H1: Licencias pagas | I1: Días injustificados | J1: Tienda asignada este mes | K1: Observaciones (ej. hs en cada tienda, feriodo trabajado si/no) | L1: Fin de período de prueba | M1: Legajo Anterior
A2: 1 | B2: Viña Sofia | C2: 117.00 | D2: 112 | E2: 5 | J2: LUCERO FLORIDA | M2: 139
A3: 2 | B3: Urbieta Barbara Giselle | C3: 0.00 | J3: LUCERO FLORIDA | K3: 1 Feriado no trabajado | M3: 169
A4: 3 | B4: Ruiz de la Torre Maitena | C4: 122.00 | D4: 117 | E4: 5 | J4: LUCERO FLORIDA | M4: 170
A5: 4 | B5: Imperiale Candela | C5: 130.00 | D5: 124 | E5: 6 | J5: LUCERO FLORIDA | M5: 173
A6: 5 | B6: Balmaceda Luciana | C6: 88.00 | J6: LUCERO FLORIDA | K6: Permanece con reposo por embarazo del hasta el 26/8. Comienza su licencia por maternidad a partir del 26/8 | M6: 186
A7: 6 | B7: Martina Migueles | C7: 102.00 | D7: 98 | E7: 4 | J7: LUCERO FLORIDA | N7: Ingreso 07/07
A8: 9 | B8: Cabovianco Natalia | C8: 8.00 | E8: 8 | J8: Lucero San Telmo | M8: 10
A9: 10 | B9: Carrizo Camila | C9: 108.00 | D9: 104.00 | E9: 4 | J9: AS San Telmo | M9: 55
A10: 11 | B10: Esposito Candela | C10: 127.00 | D10: 121.00 | E10: 6 | J10: Lucero San Telmo | M10: 103
A11: 12 | B11: Barajas Barbara | C11: 132.00 | D11: 127.00 | E11: 5 | J11: Lucero Recoleta | M11: 126
A12: 13 | B12: De Brito Rocio | C12: 110.00 | D12: 110.00 | E12: 0 | J12: Lucero Güemes | K12: 8 horas realizadas en Recoleta. 1 Feriado no trabajado | M12: 131
A13: 14 | B13: Lara Robbio | C13: 109.00 | D13: 103.00 | E13: 6 | J13: Lucero San Telmo | K13: De las horas normales 63 hs en Lucero 1_ 40 Lucero 2. Horas feriado en Lucero 1. Hay 8 hs de vacaciones pero creo q las líquidas te en Julio. Sí, liquidadas y descontadas en Julio | M13: 138
A14: 15 | B14: Molina Agustina | C14: 108.00 | D14: 104.00 | E14: 4 | J14: AS San Telmo | M14: 143
A15: 16 | B15: Kiara Corbalan | C15: 108.00 | D15: 104.00 | E15: 4 | J15: AS San Telmo | M15: 151
A16: 17 | B16: Martínez Brisa | C16: 0.00 | J16: AS San Telmo | K16: Liq final 13/08 | M16: 161
A17: 18 | B17: CORONEL Mailen | C17: 111.00 | D17: 111.00 | E17: 0 | J17: Lucero Güemes | K17: 8 horas realizadas en Florida. 1 Feriado no trabajado | M17: 165
A18: 19 | B18: Gimenez Candela | C18: 126.00 | D18: 120.00 | E18: 6 | J18: Lucero Recoleta | K18: De las horas normales 69 fueron realizadas en Florida | M18: 171
A19: 20 | B19: Oliva Micaela | C19: 130.00 | D19: 130.00 | E19: 0 | J19: Lucero Recoleta | K19: 1 Feriado no trabajado | M19: 189
A20: 21 | B20: Mohamad Daila | C20: 112.00 | D20: 108.00 | E20: 4 | J20: Lucero San Telmo 2 | M20: 190
A21: 23 | B21: Sarapura Rebecca | C21: 39.00 | D21: 39.00 | J21: Lucero San Telmo | K21: LIQ Final 10/08/2025 | M21: 192
A22: 22 | B22: Morena Martinez | C22: 115.00 | D22: 111.00 | E22: 4 | J22: Lucero San Telmo | K22: De las horas normales 67 hs en Lucero 1_ 44 Lucero 1. Horas feriado en Lucero 1 | M22: 206
A23: 47 | B23: Eredia Cintia | C23: 0.00 | J23: Visual
A24: 120 | B24: Bertolo Milagros | C24: 109.00 | D24: 105 | E24: 4.00 | J24: LUCERO FRENCH
A25: 174 | B25: Machuca Araceli | C25: 106.00 | D25: 102 | E25: 4.00 | J25: LUCERO FRENCH | K25: De las horas normales 78 hs en French_ 24 Lucero 2. Horas feriado en French
A26: 184 | B26: Villarruel Candela | C26: 0.00 | J26: AS SAN TELMO | K26: Licencia por maternidad desde 8/06/2025
A27: 194 | B27: Scholler Chavez Ruth | C27: 103.00 | D27: 99.00 | E27: 4.00 | J27: LUCERO FRENCH | K27: De las horas normales 71 hs en French_ 28 Lucero 2. Horas feriado en French
A28: 213 | B28: Gonzalez Valentina | C28: 4.00 | D28: 4.00 | J28: LUCERO SAN TELMO 2 | K28: Liq Final 01/08 | L28: 45881
